"Station ID","Date","Depth","Observer","Alkalinity"
"SCGC0000",2/1/1995 15:00:00,0.50,"UK1",118.00
"SCGC-145",2/1/1995 18:00:00,0.50,"UK1",124.00
"SCUCLP12",2/23/1995 10:00:00,1.00,"VS",128.00
"SCUCLP12",2/23/1995 10:00:00,15.00,"VS",123.00
"SCUCLP12",2/23/1995 10:00:00,53.00,"UK1",136.00
"SCUCLP12",2/23/1995 10:00:00,140.00,"VS",151.00
"SCUCLP13",2/23/1995 13:00:00,1.00,"VS",115.00
"SCUCLP13",2/23/1995 13:00:00,135.00,"VS",148.00
"SCUCLP14",2/23/1995 16:30:00,1.00,"VS",125.00
"SCUCLP14",2/23/1995 16:30:00,80.00,"VS",145.00
"SCUCLP14",2/23/1995 16:30:00,118.00,"VS",141.00
"SCUCLP16",2/24/1995 9:30:00,1.00,"VS",125.00
"SCUCLP16",2/24/1995 9:30:00,43.00,"VS",131.00
"SCUCLP16",2/24/1995 9:30:00,110.00,"VS",146.00
"SCESC055",2/24/1995 11:00:00,1.00,"VS",120.00
"SCESC055",2/24/1995 11:00:00,44.00,"VS",132.00
"SCESC055",2/24/1995 11:00:00,66.00,"VS",147.00
"SCESC180",2/24/1995 13:50:00,3.00,"UK1",134.00
"SCUCLP17",2/25/1995 8:30:00,1.00,"VS",120.00
"SCUCLP17",2/25/1995 8:30:00,20.00,"VS",124.00
"SCUCLP17",2/25/1995 8:30:00,87.00,"VS",144.00
"SCUCLP18",2/25/1995 14:30:00,1.00,"VS",122.00
"SCUCLP18",2/25/1995 14:30:00,35.00,"VS",131.00
"SCUCLP18",2/25/1995 14:30:00,45.00,"VS",161.00
"SCCR1280",2/25/1995 16:00:00,1.00,"VS",132.00
"SCCR1280",2/25/1995 16:00:00,30.00,"VS",132.00
"SCCR1280",2/25/1995 16:00:00,60.00,"VS",155.00
"SCCR1180",2/26/1995 8:30:00,1.00,"UK1",123.00
"SCCR1180",2/26/1995 8:30:00,30.00,"UK1",129.00
"SCCR1180",2/26/1995 8:30:00,70.00,"UK1",149.00
"SCSJR250",2/27/1995 10:30:00,1.00,"VS",108.00
"SCSJR250",2/27/1995 10:30:00,35.00,"VS",112.00
"SCSJR250",2/27/1995 10:30:00,48.00,"VS",132.00
"SCSJR180",2/27/1995 12:00:00,1.00,"VS",110.00
"SCSJR180",2/27/1995 12:00:00,45.00,"VS",119.00
"SCSJR180",2/27/1995 12:00:00,66.00,"VS",140.00
"SCUCLP15",2/27/1995 13:45:00,1.00,"VS",116.00
"SCUCLP15",2/27/1995 13:45:00,35.00,"VS",115.00
"SCUCLP15",2/27/1995 13:45:00,65.00,"VS",140.00
"SCUCLP15",2/27/1995 13:45:00,81.00,"VS",154.00
"SCNAV075",2/28/1995 12:30:00,1.00,"VS",115.00
"SCNAV075",2/28/1995 12:30:00,30.00,"VS",123.00
"SCNAV075",2/28/1995 12:30:00,75.00,"VS",139.00
"LPESC119",6/7/1995 9:15:00,1.00,"UK1",163.00
"LPESC345",6/7/1995 11:30:00,1.00,"UK1",174.00
"LPCR1169",6/7/1995 14:45:00,1.00,"UK1",155.00
"LPCR1169",6/7/1995 14:45:00,20.00,"UK1",170.00
"LPCR1169",6/7/1995 14:45:00,50.00,"UK1",143.00
"LPCR1169",6/7/1995 14:45:00,75.00,"UK1",131.00
"LPCR2255",6/9/1995 6:45:00,1.00,"UK1",66.00
"LPCR2255",6/9/1995 6:45:00,64.00,"UK1",144.00
"LPCR2085",6/9/1995 8:30:00,1.00,"UK1",108.00
"LPCR1692",6/9/1995 15:00:00,1.00,"UK1",128.00
"LPSJR329",6/10/1995 11:30:00,18.00,"UK1",89.00
"LPSJR329",6/10/1995 11:30:00,69.00,"UK1",121.00
"LPSJR431",6/10/1995 13:30:00,1.00,"UK1",90.00
"LPSJR431",6/10/1995 13:30:00,55.00,"UK1",135.00
"LPSJR625",6/10/1995 16:00:00,1.00,"UK1",71.00
"LPSJR625",6/10/1995 16:00:00,24.00,"UK1",100.00
"LPSJR193",6/11/1995 9:30:00,1.00,"UK1",101.00
"LPSJR193",6/11/1995 9:30:00,40.00,"UK1",112.00
"LPSJR193",6/11/1995 9:30:00,87.00,"UK1",120.00
"LPCR0905",6/11/1995 13:30:00,1.00,"UK1",110.00
"LPCR0905",6/11/1995 13:30:00,30.00,"UK1",127.00
"LPCR0905",6/11/1995 13:30:00,60.00,"UK1",130.00
"LPCR0453",6/12/1995 7:45:00,1.00,"UK1",116.00
"LPCR0453",6/12/1995 7:45:00,60.00,"UK1",120.00
"LPCR0453",6/12/1995 7:45:00,135.00,"UK1",144.00
"LPNAV124",6/12/1995 14:00:00,36.00,"UK1",117.00
"LPNAV124",6/12/1995 14:00:00,70.00,"UK1",127.00
"LPCR0024",6/12/1995 16:30:00,1.00,"UK1",117.00
"LPCR0024",6/12/1995 16:30:00,10.00,"UK1",120.00
"LPCR0024",6/12/1995 16:30:00,60.00,"UK1",127.00
"LPNAV124",9/12/1995 14:30:00,1.00,"SH",109.00
"LPNAV124",9/12/1995 14:30:00,23.00,"SH",115.00
"LPNAV124",9/12/1995 14:30:00,45.00,"SH",114.00
"LPNAV124",9/12/1995 14:30:00,80.00,"SH",131.00
"LPCR0024",9/12/1995 17:15:00,1.00,"SH",109.00
"LPCR0024",9/12/1995 17:15:00,17.00,"SH",152.00
"LPCR0024",9/12/1995 17:15:00,67.00,"SH",120.00
"LPCR0024",9/12/1995 17:15:00,150.00,"SH",135.00
"LPCR0024",9/12/1995 17:15:00,150.00,"UK1",137.00
"LPCR0024",10/4/1995 13:00:00,1.00,"UK1",116.00
"LPCR0024",10/4/1995 13:00:00,27.00,"UK1",139.00
"LPCR0024",10/4/1995 13:00:00,66.00,"UK1",125.00
"LPCR0024",10/4/1995 13:00:00,150.00,"UK1",149.00
"LPCR0024",12/11/1995 12:30:00,1.00,"UK1",262.00
"LPCR0024",12/11/1995 12:30:00,65.00,"UK1",134.00
"LPCR0024",12/11/1995 12:30:00,150.00,"UK1",152.00
"LPCR0453",12/11/1995 16:00:00,1.00,"UK1",135.00
"LPCR0453",12/11/1995 16:00:00,64.00,"UK1",131.00
"LPCR0453",12/11/1995 16:00:00,145.00,"UK1",148.00
"LPCR1169",12/12/1995 11:00:00,1.00,"UK1",157.00
"LPCR1169",12/12/1995 11:00:00,55.00,"UK1",137.00
"LPCR1692",12/13/1995 8:00:00,1.00,"UK1",99.00
"LPCR1692",12/13/1995 8:00:00,65.00,"UK1",127.00
"LPCR1692",12/13/1995 8:00:00,96.00,"UK1",150.00
"LPCR2387",12/13/1995 15:30:00,1.00,"UK1",162.00
"LPCR2387",12/13/1995 15:30:00,56.00,"UK1",150.00
"LPSJR431",12/15/1995 8:30:00,1.00,"UK1",117.00
"LPSJR431",12/15/1995 8:30:00,58.00,"UK1",112.00
"LPSJR193",12/15/1995 10:30:00,1.00,"UK1",139.00
"LPSJR193",12/15/1995 10:30:00,50.00,"UK1",125.00
"LPSJR193",12/15/1995 10:30:00,91.00,"UK1",160.00
"LPCR0905",12/15/1995 12:30:00,1.00,"UK1",144.00
"LPCR0905",12/15/1995 12:30:00,60.00,"UK1",113.00
"LPCR0905",12/15/1995 12:30:00,118.00,"UK1",148.00
"LPCR0024",1/31/1996 11:15:00,1.00,"UK1",248.00
"LPCR0024",1/31/1996 11:15:00,64.00,"UK1",507.00
"LPCR0024",1/31/1996 11:15:00,150.00,"UK1",457.00
"LPCR0024",2/28/1996 14:00:00,1.00,"UK1",117.00
"LPCR0024",2/28/1996 14:00:00,1.00,"UK2",118.00
"LPCR0024",2/28/1996 14:00:00,1.00,"UK3",118.00
"LPCR0024",2/28/1996 14:00:00,63.00,"UK1",130.00
"LPCR0024",2/28/1996 14:00:00,63.00,"UK2",134.00
"LPCR0024",2/28/1996 14:00:00,63.00,"UK3",131.00
"LPCR0024",2/28/1996 14:00:00,92.00,"UK1",136.00
"LPCR0024",2/28/1996 14:00:00,150.00,"UK1",143.00
"LPCR0453",2/29/1996 9:30:00,1.00,"UK1",108.00
"LPCR0453",2/29/1996 9:30:00,65.00,"UK1",119.00
"LPCR0453",2/29/1996 9:30:00,140.00,"UK1",136.00
"LPCR0905",2/29/1996 14:45:00,1.00,"UK1",109.00
"LPCR0905",2/29/1996 14:45:00,65.00,"UK1",121.00
"LPCR1169",3/1/1996 9:00:00,1.00,"UK1",110.00
"LPCR1169",3/1/1996 9:00:00,90.00,"UK1",126.00
"LPCR1169",3/1/1996 9:00:00,120.00,"UK1",144.00
"LPESC119",3/1/1996 12:30:00,1.00,"UK1",107.00
"LPESC119",3/1/1996 12:30:00,74.00,"UK1",124.00
"LPCR1692",3/2/1996 11:30:00,1.00,"UK1",108.00
"LPCR1692",3/2/1996 11:30:00,95.00,"UK1",127.00
"LPCR2085",3/2/1996 16:30:00,1.00,"UK1",104.00
"LPCR2085",3/2/1996 16:30:00,80.00,"UK1",125.00
"LPCR2387",3/3/1996 10:00:00,1.00,"UK1",147.00
"LPCR2387",3/3/1996 10:00:00,55.00,"UK1",129.00
"LPCR2618",3/3/1996 11:30:00,1.00,"UK1",139.00
"LPSJR431",3/4/1996 12:00:00,1.00,"UK1",96.00
"LPSJR431",3/4/1996 12:00:00,57.00,"UK1",113.00
"LPSJR193",3/4/1996 14:00:00,1.00,"UK1",97.00
"LPSJR193",3/4/1996 14:00:00,60.00,"UK1",110.00
"LPSJR193",3/4/1996 14:00:00,91.00,"UK1",124.00
"LPNAV124",3/5/1996 15:00:00,1.00,"UK1",108.00
"LPNAV124",3/5/1996 15:00:00,80.00,"UK1",142.00
"LPCR0024",6/4/1996 11:21:00,1.00,"UK1",83.00
"LPCR0024",6/4/1996 11:21:00,65.00,"UK1",85.00
"LPCR0024",6/4/1996 11:21:00,95.00,"UK1",103.00
"LPCR0024",6/4/1996 11:21:00,150.00,"UK1",114.00
"LPCR0453",6/4/1996 14:40:00,1.00,"UK1",86.00
"LPCR0453",6/4/1996 14:40:00,65.00,"UK1",86.00
"LPCR0453",6/4/1996 14:40:00,145.00,"UK1",108.00
"LPCR0905",6/5/1996 6:50:00,1.00,"UK1",76.00
"LPCR0905",6/5/1996 6:50:00,40.00,"UK1",78.00
"LPCR0905",6/5/1996 6:50:00,129.00,"UK1",106.00
"LPCR1169",6/5/1996 10:00:00,1.00,"UK1",87.00
"LPCR1169",6/5/1996 10:00:00,55.00,"UK1",89.00
"LPCR1169",6/5/1996 10:00:00,120.00,"UK1",106.00
"LPESC119",6/5/1996 12:31:00,1.00,"UK1",92.00
"LPESC119",6/5/1996 12:31:00,50.00,"UK1",100.00
"LPESC119",6/5/1996 12:31:00,75.00,"UK1",98.00
"LPCR1692",6/6/1996 9:30:00,1.00,"UK1",96.50
"LPCR1692",6/6/1996 9:30:00,1.00,"UK2",95.00
"LPCR1692",6/6/1996 9:30:00,20.00,"UK1",77.00
"LPCR1692",6/6/1996 9:30:00,60.00,"UK1",93.00
"LPCR1692",6/6/1996 9:30:00,95.00,"UK1",96.00
"LPCR2085",6/6/1996 17:20:00,1.00,"UK1",83.00
"LPCR2085",6/6/1996 17:20:00,21.00,"UK1",75.00
"LPCR2085",6/6/1996 17:20:00,78.00,"UK1",113.00
"LPCR2387",6/7/1996 9:00:00,1.00,"UK1",98.00
"LPCR2387",6/7/1996 9:00:00,28.00,"UK1",86.00
"LPCR2387",6/7/1996 9:00:00,55.00,"UK1",123.00
"LPSJR686",6/8/1996 13:45:00,1.00,"UK1",82.00
"LPSJR686",6/8/1996 13:45:00,13.00,"UK1",77.00
"LPSJR686",6/8/1996 13:45:00,18.00,"UK1",111.00
"LPSJR431",6/9/1996 5:26:00,1.00,"UK1",104.00
"LPSJR431",6/9/1996 5:26:00,29.00,"UK1",116.00
"LPCR0024",7/17/1996 12:30:00,1.00,"UK1",106.00
"LPCR0024",7/17/1996 12:30:00,66.00,"UK1",109.00
"LPCR0024",7/17/1996 12:30:00,150.00,"UK1",127.00
"LPCR0024",8/23/1996 13:00:00,1.00,"UK1",99.00
"LPCR0024",8/23/1996 13:00:00,66.00,"UK1",106.00
"LPCR0024",8/23/1996 13:00:00,152.00,"UK1",115.00
"LPCR0024",9/24/1996 13:30:00,1.00,"UK1",95.00
"LPCR0024",9/24/1996 13:30:00,64.00,"UK1",112.00
"LPCR0024",9/24/1996 13:30:00,150.00,"UK1",131.00
"LPCR0453",9/24/1996 16:30:00,64.00,"UK1",123.00
"LPCR0453",9/24/1996 16:30:00,143.00,"UK1",133.00
"LPCR0905",9/25/1996 10:10:00,1.00,"UK1",103.00
"LPCR0905",9/25/1996 10:10:00,18.00,"UK1",98.00
"LPCR0905",9/25/1996 10:10:00,55.00,"UK1",105.00
"LPCR0905",9/25/1996 10:10:00,128.00,"UK1",120.00
"LPESC359",9/25/1996 17:10:00,1.00,"UK1",116.00
"LPESC119",9/26/1996 8:20:00,1.00,"UK1",147.00
"LPESC119",9/26/1996 8:20:00,46.00,"UK1",116.00
"LPESC119",9/26/1996 8:20:00,74.00,"UK1",111.00
"LPCR1169",9/26/1996 11:20:00,1.00,"UK1",100.00
"LPCR1169",9/26/1996 11:20:00,70.00,"UK1",108.00
"LPCR1169",9/26/1996 11:20:00,122.00,"UK1",122.00
"LPCR2387",9/27/1996 11:20:00,1.00,"UK1",183.00
"LPCR2387",9/27/1996 11:20:00,24.00,"UK1",135.00
"LPCR2618",9/27/1996 14:15:00,1.00,"UK1",135.00
"LPCR2085",9/27/1996 16:55:00,1.00,"UK1",100.00
"LPCR2085",9/27/1996 16:55:00,50.00,"UK1",111.00
"LPCR1692",9/28/1996 11:10:00,1.00,"UK1",157.00
"LPCR1692",9/28/1996 11:10:00,25.00,"UK1",92.00
"LPCR1692",9/28/1996 11:10:00,60.00,"UK1",112.00
"LPSJR193",9/29/1996 8:00:00,1.00,"UK1",130.00
"LPSJR193",9/29/1996 8:00:00,46.00,"UK1",110.00
"LPSJR193",9/29/1996 8:00:00,90.00,"UK1",121.00
"LPSJR431",9/29/1996 11:20:00,1.00,"UK1",92.00
"LPSJR431",9/29/1996 11:20:00,19.00,"UK1",93.00
"LPSJR431",9/29/1996 11:20:00,30.00,"UK1",101.00
"LPSJR431",9/29/1996 11:20:00,57.00,"UK1",115.00
"LPSJR720",9/29/1996 15:15:00,1.00,"UK1",90.00
"LPSJR720",9/29/1996 15:15:00,15.00,"UK1",109.00
"LPCR0024",12/3/1996 10:00:00,1.00,"UK1",108.00
"LPCR0024",12/3/1996 10:00:00,63.00,"UK1",125.00
"LPCR0024",12/3/1996 10:00:00,150.00,"UK1",131.00
"LPCR0024",1/22/1997 12:00:00,1.00,"UK1",108.00
"LPCR0024",1/22/1997 12:00:00,62.00,"UK1",105.00
"LPCR0024",1/22/1997 12:00:00,62.00,"UK2",103.00
"LPCR0024",1/22/1997 12:00:00,91.00,"UK1",112.00
"LPCR0024",1/22/1997 12:00:00,150.00,"UK1",131.00
"LPCR0024",2/20/1997 13:00:00,1.00,"UK1",108.00
"LPCR0024",2/20/1997 13:00:00,61.00,"UK1",110.00
"LPCR0024",2/20/1997 13:00:00,145.00,"UK1",129.00
"LPCR0453",2/21/1997 9:05:00,1.00,"UK1",108.00
"LPCR0453",2/21/1997 9:05:00,85.00,"UK1",125.00
"LPCR0905",2/21/1997 13:30:00,1.00,"UK1",109.00
"LPCR0905",2/21/1997 13:30:00,109.00,"UK1",136.00
"LPCR1169",2/21/1997 15:45:00,1.00,"UK1",113.00
"LPCR1169",2/21/1997 15:45:00,50.00,"UK1",121.00
"LPCR1169",2/21/1997 15:45:00,110.00,"UK1",127.00
"LPESC119",2/22/1997 9:45:00,1.00,"UK1",121.00
"LPESC119",2/22/1997 9:45:00,50.00,"UK1",132.00
"LPESC119",2/22/1997 9:45:00,66.00,"UK1",136.00
"LPESC119",2/22/1997 9:45:00,72.00,"UK1",135.00
"LPESC331",2/22/1997 12:40:00,1.00,"UK1",131.00
"LPCR2716",2/23/1997 14:45:00,1.00,"UNK1",152.00
"LPCR2716",2/23/1997 14:45:00,1.00,"UNK2",149.00
"LPCR2387",2/24/1997 7:50:00,1.00,"UK1",125.00
"LPCR2387",2/24/1997 7:50:00,52.00,"UK1",141.00
"LPCR2085",2/24/1997 10:30:00,1.00,"UK1",117.00
"LPCR2085",2/24/1997 10:30:00,75.00,"UK1",136.00
"LPCR1692",2/24/1997 14:15:00,1.00,"UK1",112.00
"LPCR1692",2/24/1997 14:15:00,75.00,"UK1",135.00
"LPSJR193",2/25/1997 11:00:00,1.00,"UK1",81.00
"LPSJR193",2/25/1997 11:00:00,87.00,"UK1",124.00
"LPSJR431",2/25/1997 13:30:00,1.00,"UK1",111.00
"LPSJR431",2/25/1997 13:30:00,54.00,"UK1",125.00
"LPCR0024",4/30/1997 12:00:00,1.00,"UK1",106.00
"LPCR0024",4/30/1997 12:00:00,1.00,"UK2",114.00
"LPCR0024",4/30/1997 12:00:00,1.00,"UK3",114.00
"LPCR0024",4/30/1997 12:00:00,59.00,"UK1",128.00
"LPCR0024",4/30/1997 12:00:00,59.00,"UK2",121.00
"LPCR0024",4/30/1997 12:00:00,59.00,"UK3",123.00
"LPCR0024",4/30/1997 12:00:00,145.00,"UK1",144.00
"LPCR0024",6/3/1997 11:30:00,1.00,"UK1",110.00
"LPCR0024",6/3/1997 11:30:00,64.00,"UK1",120.00
"LPCR0024",6/3/1997 11:30:00,90.00,"UK1",134.00
"LPCR0024",6/3/1997 11:30:00,151.00,"UK1",144.00
"LPCR0453",6/3/1997 15:45:00,1.00,"UK1",127.00
"LPCR0453",6/3/1997 15:45:00,53.00,"UK1",119.00
"LPCR0453",6/3/1997 15:45:00,88.00,"UK1",114.00
"LPCR0453",6/3/1997 15:45:00,145.00,"UK1",135.00
"LPCR0905",6/4/1997 9:00:00,1.00,"UK1",114.00
"LPCR0905",6/4/1997 9:00:00,50.00,"UK1",109.00
"LPCR1169",6/4/1997 11:30:00,1.00,"UK1",115.00
"LPCR1169",6/4/1997 11:30:00,10.00,"UK1",116.00
"LPCR1169",6/4/1997 11:30:00,50.00,"UK1",118.00
"LPCR1169",6/4/1997 11:30:00,122.00,"UK1",135.00
"LPESC119",6/4/1997 14:50:00,1.00,"UK1",110.00
"LPESC119",6/4/1997 14:50:00,40.00,"UK1",119.00
"LPESC119",6/4/1997 14:50:00,75.00,"UK1",139.00
"LPESC357",6/4/1997 17:40:00,3.00,"UK1",91.00
"LPCR1692",6/5/1997 10:15:00,1.00,"UK1",116.00
"LPCR1692",6/5/1997 10:15:00,16.00,"UK1",106.00
"LPCR1692",6/5/1997 10:15:00,70.00,"UK1",129.00
"LPCR2085",6/6/1997 6:45:00,1.00,"UK1",100.00
"LPCR2085",6/6/1997 6:45:00,65.00,"UK1",125.00
"LPCR2387",6/6/1997 10:15:00,1.00,"UK1",95.00
"LPCR2387",6/6/1997 10:15:00,53.00,"UK1",125.00
"LPSJR193",6/7/1997 10:30:00,1.00,"UK1",131.00
"LPSJR193",6/7/1997 10:30:00,13.00,"UK1",109.00
"LPSJR193",6/7/1997 10:30:00,45.00,"UK1",112.00
"LPSJR193",6/7/1997 10:30:00,92.00,"UK1",128.00
"LPSJR431",6/7/1997 13:50:00,1.00,"UK1",101.00
"LPSJR431",6/7/1997 13:50:00,15.00,"UK1",85.00
"LPSJR431",6/7/1997 13:50:00,50.00,"UK1",111.00
"LPSJR730",6/7/1997 17:30:00,10.00,"UK1",79.00
"LPNAV124",6/9/1997 9:15:00,1.00,"UK1",123.00
"LPNAV124",6/9/1997 9:15:00,13.00,"UK1",108.00
"LPNAV124",6/9/1997 9:15:00,84.00,"UK1",141.00
"LPCR0024",7/8/1997 9:00:00,1.00,"UK1",108.00
"LPCR0024",7/8/1997 9:00:00,1.00,"UK2",112.00
"LPCR0024",7/8/1997 9:00:00,68.00,"UK1",116.00
"LPCR0024",7/8/1997 9:00:00,155.00,"UK1",134.00
"LPCR0024",8/13/1997 12:30:00,1.00,"UK1",101.00
"LPCR0024",8/13/1997 12:30:00,20.00,"UK1",106.00
"LPCR0024",8/13/1997 12:30:00,68.00,"UK1",111.00
"LPCR0024",8/13/1997 12:30:00,153.00,"UK1",131.00
"LPCR0024",9/24/1997 12:00:00,1.00,"UK1",140.00
"LPCR0024",9/24/1997 12:00:00,20.00,"UK1",107.00
"LPCR0024",9/24/1997 12:00:00,67.00,"UK1",116.00
"LPCR0024",9/24/1997 12:00:00,150.00,"UK1",136.00
"LPCR0453",9/24/1997 15:30:00,1.00,"UK1",103.00
"LPCR0453",9/24/1997 15:30:00,20.00,"UK1",93.00
"LPCR0453",9/24/1997 15:30:00,67.00,"UK1",119.00
"LPCR0453",9/24/1997 15:30:00,148.00,"UK1",142.00
"LPCR0905",9/25/1997 9:30:00,1.00,"UK1",92.00
"LPCR0905",9/25/1997 9:30:00,18.00,"UK1",109.00
"LPCR0905",9/25/1997 9:30:00,86.00,"UK1",117.00
"LPCR0905",9/25/1997 9:30:00,130.00,"UK1",111.00
"LPCR1169",9/25/1997 12:45:00,1.00,"UK1",93.00
"LPCR1169",9/25/1997 12:45:00,20.00,"UK1",97.00
"LPCR1169",9/25/1997 12:45:00,80.00,"UK1",119.00
"LPCR1169",9/25/1997 12:45:00,125.00,"UK1",129.00
"LPESC119",9/25/1997 14:45:00,1.00,"UK1",97.00
"LPESC119",9/25/1997 14:45:00,40.00,"UK1",111.00
"LPESC119",9/25/1997 14:45:00,57.00,"UK1",123.00
"LPESC119",9/25/1997 14:45:00,78.00,"UK1",130.00
"LPCR1692",9/26/1997 9:45:00,1.00,"UK1",102.00
"LPCR1692",9/26/1997 9:45:00,18.00,"UK1",111.00
"LPCR1692",9/26/1997 9:45:00,65.00,"UK1",123.00
"LPCR1692",9/26/1997 9:45:00,99.00,"UK1",132.00
"LPCR2085",9/26/1997 16:00:00,1.00,"UK1",119.00
"LPCR2085",9/26/1997 16:00:00,21.00,"UK1",108.00
"LPCR2085",9/26/1997 16:00:00,56.00,"UK1",122.00
"LPCR2085",9/26/1997 16:00:00,83.00,"UK1",133.00
"LPCR2387",9/27/1997 9:30:00,1.00,"UK1",123.00
"LPCR2387",9/27/1997 9:30:00,30.00,"UK1",133.00
"LPCR2387",9/27/1997 9:30:00,47.00,"UK1",121.00
"LPCR2387",9/27/1997 9:30:00,58.00,"UK1",132.00
"LPSJR193",9/28/1997 9:30:00,1.00,"UK1",50.00
"LPSJR193",9/28/1997 9:30:00,16.00,"UK1",86.00
"LPSJR193",9/28/1997 9:30:00,70.00,"UK1",113.00
"LPSJR193",9/28/1997 9:30:00,94.00,"UK1",56.00
"LPSJR625",9/28/1997 12:05:00,1.00,"UK1",92.00
"LPSJR625",9/28/1997 12:05:00,20.00,"UK1",99.00
"LPSJR625",9/28/1997 12:05:00,33.00,"UK1",97.00
"LPSJR831",9/28/1997 14:30:00,1.00,"UK1",96.00
"LPSJR831",9/28/1997 14:30:00,6.50,"UK1",98.00
"LPSJR431",9/28/1997 15:45:00,1.00,"UK1",97.00
"LPSJR431",9/28/1997 15:45:00,16.00,"UK1",103.00
"LPSJR431",9/28/1997 15:45:00,32.00,"UK1",84.00
"LPSJR431",9/28/1997 15:45:00,60.00,"UK1",121.00
"LPNAV124",9/29/1997 13:20:00,1.00,"UK1",127.00
"LPNAV124",9/29/1997 13:20:00,22.00,"UK1",108.00
"LPNAV124",9/29/1997 13:20:00,45.00,"UK1",124.00
"LPNAV124",9/29/1997 13:20:00,87.00,"UK1",137.00
"LPCR0024",11/13/1997 10:00:00,1.00,"UK1",106.00
"LPCR0024",11/13/1997 10:00:00,66.00,"UK1",107.00
"LPCR0024",11/13/1997 10:00:00,96.00,"UK1",107.00
"LPCR0024",11/13/1997 10:00:00,153.00,"UK1",126.00
"LPCR0024",1/23/1998 12:15:00,1.00,"UK1",100.00
"LPCR0024",2/27/1998 10:30:00,1.00,"UK1",106.00
"LPCR0024",2/27/1998 10:30:00,63.00,"UK1",126.00
"LPCR0024",2/27/1998 10:30:00,140.00,"UK1",129.00
"LPCR0453",2/27/1998 13:45:00,1.00,"UK1",107.00
"LPCR0453",2/27/1998 13:45:00,75.00,"UK1",123.00
"LPCR0453",2/27/1998 13:45:00,140.00,"UK1",129.00
"LPCR0905",2/27/1998 17:00:00,1.00,"UK1",109.00
"LPCR0905",2/27/1998 17:00:00,60.00,"UK1",116.00
"LPCR0905",2/27/1998 17:00:00,125.00,"UK1",123.00
"LPSJR193",2/28/1998 9:10:00,1.00,"KB",102.00
"LPSJR193",2/28/1998 9:10:00,60.00,"UK1",102.00
"LPSJR193",2/28/1998 9:10:00,90.00,"UK1",124.00
"LPSJR431",2/28/1998 12:00:00,1.00,"UK1",99.00
"LPSJR431",2/28/1998 12:00:00,57.00,"UK1",105.00
"LPCR1169",3/1/1998 13:30:00,1.00,"UK1",106.00
"LPCR1169",3/1/1998 13:30:00,55.00,"UK1",115.00
"LPCR1169",3/1/1998 13:30:00,110.00,"UK1",126.00
"LPCR2085",3/2/1998 11:30:00,1.00,"UK1",114.00
"LPCR2085",3/2/1998 11:30:00,30.00,"UK1",114.00
"LPCR2085",3/2/1998 11:30:00,65.00,"UK1",128.00
"LPCR2387",3/2/1998 14:00:00,1.00,"UK1",111.00
"LPCR2387",3/2/1998 14:00:00,38.00,"KB",120.00
"LPCR2387",3/2/1998 14:00:00,38.00,"RR",119.00
"LPCR2387",3/2/1998 14:00:00,38.00,"SH",125.00
"LPCR2387",3/2/1998 14:00:00,56.00,"UK1",141.00
"LPCR2618",3/3/1998 8:30:00,7.00,"UK1",157.00
"LPCR2618",3/3/1998 8:30:00,12.00,"UK1",151.00
"LPCR1692",3/3/1998 15:00:00,1.00,"UK1",105.00
"LPCR1692",3/3/1998 15:00:00,25.00,"UK1",112.00
"LPCR1692",3/3/1998 15:00:00,56.00,"UK1",119.00
"LPCR1692",3/3/1998 15:00:00,80.00,"UK1",125.00
"LPESC357",3/4/1998 7:45:00,1.00,"UK1",151.00
"LPESC119",3/4/1998 10:00:00,1.00,"UK1",113.00
"LPESC119",3/4/1998 10:00:00,70.00,"UK1",129.00
"LPCR0024",3/19/1998 14:00:00,1.00,"SH1",125.00
"LPCR0024",3/19/1998 14:00:00,1.00,"SH2",103.00
"LPCR0024",3/19/1998 14:00:00,62.00,"SH",120.00
"LPCR0024",3/19/1998 14:00:00,149.00,"SH",125.00
"LPCR0024",4/13/1998 12:00:00,1.00,"UK1",103.00
"LPCR0024",4/13/1998 12:00:00,62.00,"UK1",116.00
"LPCR0024",4/13/1998 12:00:00,95.00,"UK1",119.00
"LPCR0024",4/13/1998 12:00:00,149.00,"UK1",124.00
"LPCR0024",5/9/1998 11:30:00,1.00,"SH",104.00
"LPCR0024",5/9/1998 11:30:00,64.00,"SH1",130.00
"LPCR0024",5/9/1998 11:30:00,64.00,"SH2",115.00
"LPCR0024",5/9/1998 11:30:00,150.00,"SH",121.00
"LPCR0453",5/9/1998 15:30:00,1.00,"UK1",111.00
"LPCR0453",5/9/1998 15:30:00,1.00,"UK2",112.00
"LPCR0453",5/9/1998 15:30:00,30.00,"UK1",100.00
"LPCR0453",5/9/1998 15:30:00,85.00,"UK1",124.00
"LPESC358",5/10/1998 12:45:00,0.50,"UK1",145.00
"LPESC119",5/10/1998 15:15:00,1.00,"UK1",111.00
"LPESC119",5/10/1998 15:15:00,25.00,"UK1",109.00
"LPESC119",5/10/1998 15:15:00,50.00,"UK1",115.00
"LPESC119",5/10/1998 15:15:00,75.00,"UK1",129.00
"LPCR1169",5/11/1998 7:00:00,1.00,"UK1",143.00
"LPCR1169",5/11/1998 7:00:00,45.00,"UK1",141.00
"LPCR1169",5/11/1998 7:00:00,120.00,"UK1",158.00
"LPCR1692",5/11/1998 12:00:00,1.00,"UK1",111.00
"LPCR1692",5/11/1998 12:00:00,15.00,"UK1",113.00
"LPCR1692",5/11/1998 12:00:00,65.00,"UK1",118.00
"LPCR1692",5/11/1998 12:00:00,96.00,"UK1",124.00
"LPCR2085",5/12/1998 7:45:00,1.00,"UK1",123.00
"LPCR2085",5/12/1998 7:45:00,26.00,"UK1",122.00
"LPCR2085",5/12/1998 7:45:00,50.00,"UK1",121.00
"LPCR2085",5/12/1998 7:45:00,80.00,"UK1",121.00
"LPCR2387",5/12/1998 11:00:00,1.00,"UK1",118.00
"LPCR2387",5/12/1998 11:00:00,30.00,"UK1",118.00
"LPCR2387",5/12/1998 11:00:00,47.00,"UK1",127.00
"LPCR2387",5/12/1998 11:00:00,55.00,"UK1",131.00
"LPSJR193",5/14/1998 8:20:00,1.00,"UK1",109.00
"LPSJR193",5/14/1998 8:20:00,40.00,"UK1",103.00
"LPSJR193",5/14/1998 8:20:00,92.00,"UK1",120.00
"LPSJR431",5/14/1998 11:20:00,1.00,"UK1",105.00
"LPSJR431",5/14/1998 11:20:00,17.00,"UK1",115.00
"LPSJR431",5/14/1998 11:20:00,42.00,"UK1",108.00
"LPSJR431",5/14/1998 11:20:00,58.00,"UK1",109.00
"LPSJR732",5/14/1998 14:30:00,1.00,"UK1",90.00
"LPCR0905",5/15/1998 10:30:00,1.00,"UK1",115.00
"LPCR0905",5/15/1998 10:30:00,30.00,"BV",108.00
"LPCR0905",5/15/1998 10:30:00,95.00,"BV",122.00
"LPCR0905",5/15/1998 10:30:00,129.00,"BV",116.00
"LPNAV124",5/15/1998 13:30:00,1.00,"UK1",114.00
"LPNAV124",5/15/1998 13:30:00,35.00,"UK1",123.00
"LPNAV124",5/15/1998 13:30:00,80.00,"UK1",129.00
"LPCR0024",6/17/1998 10:00:00,50.00,"BC",112.00
"LPCR0024",6/17/1998 10:00:00,50.00,"MA",110.00
"LPCR0024",6/17/1998 10:00:00,68.00,"BC",112.00
"LPCR0024",6/17/1998 10:00:00,68.00,"MA",117.00
"LPCR0024",6/17/1998 10:00:00,95.00,"BC",131.00
"LPCR0024",6/17/1998 10:00:00,95.00,"BV",126.00
"LPCR0024",6/17/1998 10:00:00,95.00,"MA",125.00
"LPCR0024",6/17/1998 10:00:00,150.00,"MA",125.00
"LPCR0024",7/8/1998 11:00:00,1.00,"BC1",109.00
"LPCR0024",7/8/1998 11:00:00,1.00,"BC2",104.00
"LPCR0024",7/8/1998 11:00:00,69.00,"BV",106.00
"LPCR0024",7/8/1998 11:00:00,98.00,"BV",122.00
"LPCR0024",7/8/1998 11:00:00,150.00,"BV",124.00
"LPCR0024",8/16/1998 17:25:00,55.00,"UK1",108.00
"LPCR0024",8/16/1998 17:25:00,68.00,"UK1",104.00
"LPCR0024",8/16/1998 17:25:00,98.00,"UK1",107.00
"LPCR0024",8/16/1998 17:25:00,152.00,"UK1",117.00
"LPCR0453",8/17/1998 10:00:00,1.00,"UK1",106.00
"LPCR0453",8/17/1998 10:00:00,15.00,"UK1",117.00
"LPCR0453",8/17/1998 10:00:00,55.00,"UK1",110.00
"LPCR0453",8/17/1998 10:00:00,100.00,"UK1",121.00
"LPCR0453",8/17/1998 10:00:00,148.00,"UK1",131.00
"LPCR0905",8/17/1998 14:00:00,1.00,"UK1",101.00
"LPCR0905",8/17/1998 14:00:00,1.00,"UK2",102.00
"LPCR0905",8/17/1998 14:00:00,17.00,"UK1",122.00
"LPCR0905",8/17/1998 14:00:00,55.00,"UK1",113.00
"LPCR0905",8/17/1998 14:00:00,110.00,"UK1",129.00
"LPESC370",8/17/1998 18:00:00,1.00,"UK1",139.00
"LPESC119",8/18/1998 9:45:00,1.00,"UK1",105.00
"LPESC119",8/18/1998 9:45:00,45.00,"UK1",117.00
"LPESC119",8/18/1998 9:45:00,77.00,"UK1",127.00
"LPCR1169",8/18/1998 12:30:00,1.00,"UK1",107.00
"LPCR1169",8/18/1998 12:30:00,65.00,"UK1",112.00
"LPCR1169",8/18/1998 12:30:00,125.00,"UK1",130.00
"LPCR1692",8/19/1998 9:00:00,1.00,"RR",107.00
"LPCR1692",8/19/1998 9:00:00,24.00,"UK1",116.00
"LPCR1692",8/19/1998 9:00:00,65.00,"UK1",119.00
"LPCR1692",8/19/1998 9:00:00,99.00,"UK1",135.00
"LPCR2085",8/19/1998 16:00:00,1.00,"SH",112.00
"LPCR2085",8/19/1998 16:00:00,1.00,"UK1",110.00
"LPCR2085",8/19/1998 16:00:00,17.00,"UK1",125.00
"LPCR2085",8/19/1998 16:00:00,50.00,"UK1",122.00
"LPCR2085",8/19/1998 16:00:00,83.00,"UK1",130.00
"LPCR2387",8/20/1998 9:15:00,1.00,"RR",125.00
"LPCR2387",8/20/1998 9:15:00,17.00,"UK1",133.00
"LPCR2387",8/20/1998 9:15:00,26.00,"UK1",116.00
"LPCR2387",8/20/1998 9:15:00,45.00,"UK1",130.00
"LPCR2387",8/20/1998 9:15:00,59.00,"UK1",143.00
"LPCR2716",8/20/1998 12:30:00,1.00,"UK1",142.00
"LPSJR193",8/21/1998 10:30:00,15.00,"UK1",89.00
"LPSJR193",8/21/1998 10:30:00,50.00,"UK1",104.00
"LPSJR193",8/21/1998 10:30:00,96.00,"UK1",126.00
"LPSJR431",8/21/1998 14:00:00,1.00,"UK1",93.00
"LPSJR431",8/21/1998 14:00:00,15.00,"UK1",80.00
"LPSJR431",8/21/1998 14:00:00,50.00,"UK1",112.00
"LPSJR431",8/21/1998 14:00:00,60.00,"UK1",113.00
"LPSJR704",8/21/1998 17:30:00,1.00,"UK1",91.00
"LPSJR704",8/21/1998 17:30:00,18.00,"UK1",87.00
"LPNAV124",8/22/1998 15:30:00,1.00,"UK1",110.00
"LPNAV124",8/22/1998 15:30:00,25.00,"UK1",116.00
"LPNAV124",8/22/1998 15:30:00,50.00,"UK1",113.00
"LPNAV124",8/22/1998 15:30:00,84.00,"UK1",140.00
"LPCR0024",9/17/1998 11:30:00,1.00,"UK1",106.00
"LPCR0024",9/17/1998 11:30:00,19.00,"UK1",111.00
"LPCR0024",9/17/1998 11:30:00,67.00,"BV",115.00
"LPCR0024",9/17/1998 11:30:00,150.00,"BV",125.00
"LPCR0024",10/28/1998 10:30:00,1.00,"UK1",105.00
"LPCR0024",10/28/1998 10:30:00,36.00,"UK1",109.00
"LPCR0024",10/28/1998 10:30:00,66.00,"UK1",114.00
"LPCR0024",10/28/1998 10:30:00,150.00,"BV",133.00
"LPCR0024",10/28/1998 10:30:00,150.00,"CC",129.00
"LPCR0024",10/28/1998 10:30:00,150.00,"MD",126.00
"LPCR0024",10/28/1998 10:30:00,150.00,"PB",123.00
"LPCR0024",11/25/1998 10:30:00,1.00,"SG",102.00
"LPCR0024",11/25/1998 10:30:00,1.00,"SH",98.00
"LPCR0024",11/25/1998 10:30:00,55.00,"UK1",103.00
"LPCR0024",11/25/1998 10:30:00,55.00,"UK2",105.00
"LPCR0024",11/25/1998 10:30:00,66.00,"SL",115.00
"LPCR0024",11/25/1998 10:30:00,66.00,"UK1",109.00
"LPCR0024",11/25/1998 10:30:00,150.00,"SL",126.00
"LPCR0024",11/25/1998 10:30:00,150.00,"UK1",124.00
"LPCR0024",12/10/1998 11:30:00,1.00,"UK1",101.00
"LPCR0024",12/10/1998 11:30:00,65.00,"UK1",114.00
"LPCR0024",12/10/1998 11:30:00,153.00,"UK1",129.00
"LPCR0453",12/10/1998 13:30:00,1.00,"UK1",115.00
"LPCR0453",12/10/1998 13:30:00,60.00,"UK1",118.00
"LPCR0453",12/10/1998 13:30:00,100.00,"UK1",124.00
"LPCR0453",12/10/1998 13:30:00,146.00,"UK1",133.00
"LPCR0905",12/11/1998 8:00:00,1.00,"UK1",118.00
"LPCR0905",12/11/1998 8:00:00,65.00,"UK1",127.00
"LPCR0905",12/11/1998 8:00:00,129.00,"UK1",133.00
"LPSJR193",12/11/1998 11:45:00,1.00,"UK1",107.00
"LPSJR193",12/11/1998 11:45:00,1.00,"UK2",106.00
"LPSJR193",12/11/1998 11:45:00,1.00,"UK3",111.00
"LPSJR193",12/11/1998 11:45:00,45.00,"UK1",112.00
"LPSJR193",12/11/1998 11:45:00,65.00,"UK1",114.00
"LPSJR193",12/11/1998 11:45:00,80.00,"UK1",124.00
"LPSJR193",12/11/1998 11:45:00,94.00,"UK1",128.00
"LPSJR193",12/11/1998 11:45:00,94.00,"UK2",134.00
"LPSJR193",12/11/1998 11:45:00,94.00,"UK3",132.00
"LPSJR431",12/11/1998 16:00:00,1.00,"UK1",103.00
"LPSJR431",12/11/1998 16:00:00,20.00,"UK1",105.00
"LPSJR431",12/11/1998 16:00:00,45.00,"UK1",107.00
"LPSJR725",12/12/1998 9:30:00,1.00,"UK1",98.00
"LPSJR725",12/12/1998 9:30:00,15.00,"UK1",124.00
"LPSJR725",12/12/1998 9:30:00,16.50,"UK1",120.00
"LPCR1169",12/12/1998 16:15:00,1.00,"UK1",110.00
"LPCR1169",12/12/1998 16:15:00,1.00,"UK2",115.00
"LPCR1169",12/12/1998 16:15:00,1.00,"UK3",116.00
"LPCR1169",12/12/1998 16:15:00,47.00,"UK1",130.00
"LPCR1169",12/12/1998 16:15:00,72.00,"UK1",129.00
"LPCR1169",12/12/1998 16:15:00,123.00,"UK1",122.00
"LPCR1169",12/12/1998 16:15:00,123.00,"UK2",133.00
"LPCR1692",12/13/1998 11:20:00,1.00,"UK1",121.00
"LPCR1692",12/13/1998 11:20:00,1.00,"UK2",122.00
"LPCR1692",12/13/1998 11:20:00,1.00,"UK3",127.00
"LPCR1692",12/13/1998 11:20:00,40.00,"UK1",120.00
"LPCR1692",12/13/1998 11:20:00,75.00,"UK1",148.00
"LPCR1692",12/13/1998 11:20:00,98.00,"UK1",140.00
"LPCR1692",12/13/1998 11:20:00,98.00,"UK2",142.00
"LPCR1692",12/13/1998 11:20:00,98.00,"UK3",145.00
"LPCR2085",12/14/1998 8:00:00,1.00,"RR",132.00
"LPCR2085",12/14/1998 8:00:00,65.00,"UK1",154.00
"LPCR2085",12/14/1998 8:00:00,81.00,"UK1",148.00
"LPCR2387",12/14/1998 11:05:00,1.00,"UK1",133.00
"LPCR2387",12/14/1998 11:05:00,1.00,"UK2",122.00
"LPCR2387",12/14/1998 11:05:00,1.00,"UK3",135.00
"LPCR2387",12/14/1998 11:05:00,1.00,"UK4",141.00
"LPCR2387",12/14/1998 11:05:00,40.00,"UK1",135.00
"LPCR2387",12/14/1998 11:05:00,57.00,"UK1",152.00
"LPCR2387",12/14/1998 11:05:00,57.00,"UK2",154.00
"LPCR2387",12/14/1998 11:05:00,57.00,"UK3",150.00
"LPESC119",12/15/1998 12:20:00,1.00,"UK1",114.00
"LPESC119",12/15/1998 12:20:00,1.00,"UK2",125.00
"LPESC119",12/15/1998 12:20:00,43.00,"UK1",121.00
"LPESC119",12/15/1998 12:20:00,57.00,"UK1",116.00
"LPESC119",12/15/1998 12:20:00,77.00,"UK1",148.00
"LPESC119",12/15/1998 12:20:00,77.00,"UK2",140.00
"LPESC119",12/15/1998 12:20:00,77.00,"UK3",134.00
"LPESC273",12/15/1998 14:38:00,1.00,"RR",112.00
"LPESC273",12/15/1998 14:38:00,34.00,"RR",118.00
"LPCR0024",1/27/1999 10:15:00,1.00,"BV",116.00
"LPCR0024",1/27/1999 10:15:00,65.00,"BV1",115.00
"LPCR0024",1/27/1999 10:15:00,65.00,"BV2",124.00
"LPCR0024",1/27/1999 10:15:00,65.00,"BV3",114.00
"LPCR0024",1/27/1999 10:15:00,152.00,"BV",132.00
"LPCR0024",2/25/1999 11:00:00,1.00,"RR",115.00
"LPCR0024",2/25/1999 11:00:00,64.00,"RR",127.00
"LPCR0024",2/25/1999 11:00:00,103.00,"RR",135.00
"LPCR0024",2/25/1999 11:00:00,150.00,"RR",132.00
"LPCR0453",2/25/1999 14:00:00,1.00,"RR",112.00
"LPCR0453",2/25/1999 14:00:00,80.00,"RR",133.00
"LPCR0453",2/25/1999 14:00:00,145.00,"RR",143.00
"LPCR0905",2/26/1999 7:45:00,1.00,"RR",115.00
"LPCR0905",2/26/1999 7:45:00,62.00,"RR",129.00
"LPCR0905",2/26/1999 7:45:00,128.00,"RR",145.00
"LPSJR193",2/27/1999 7:30:00,1.00,"UK1",108.00
"LPSJR193",2/27/1999 7:30:00,60.00,"UK1",111.00
"LPSJR193",2/27/1999 7:30:00,72.00,"UK1",133.00
"LPSJR193",2/27/1999 7:30:00,91.00,"UK1",143.00
"LPSJR431",2/27/1999 10:15:00,1.00,"UK1",111.00
"LPSJR431",2/27/1999 10:15:00,22.00,"UK1",108.00
"LPSJR431",2/27/1999 10:15:00,34.00,"UK1",106.00
"LPSJR431",2/27/1999 10:15:00,57.00,"UK1",106.00
"LPSJR725",2/27/1999 12:30:00,1.00,"UK1",109.00
"LPSJR725",2/27/1999 12:30:00,10.00,"UK1",131.00
"LPSJR725",2/27/1999 12:30:00,13.50,"UK1",116.00
"LPCR1169",2/28/1999 9:30:00,1.00,"JF1",116.00
"LPCR1169",2/28/1999 9:30:00,1.00,"JF2",117.00
"LPCR1169",2/28/1999 9:30:00,1.00,"SH1",116.00
"LPCR1169",2/28/1999 9:30:00,1.00,"SH2",116.00
"LPCR1169",2/28/1999 9:30:00,57.00,"UK1",133.00
"LPCR1169",2/28/1999 9:30:00,120.00,"UK1",140.00
"LPCR1692",2/28/1999 14:30:00,1.00,"UK1",132.00
"LPCR1692",2/28/1999 14:30:00,1.00,"UK2",119.00
"LPCR1692",2/28/1999 14:30:00,35.00,"UK1",122.00
"LPCR1692",2/28/1999 14:30:00,95.00,"UK1",144.00
"LPCR2085",3/1/1999 11:30:00,1.00,"UK1",140.00
"LPCR2085",3/1/1999 11:30:00,26.00,"UK1",134.00
"LPCR2085",3/1/1999 11:30:00,75.00,"UK1",145.00
"LPCR2387",3/1/1999 14:15:00,1.00,"JF",131.00
"LPCR2387",3/1/1999 14:15:00,33.00,"RR",135.00
"LPCR2387",3/1/1999 14:15:00,55.00,"RR",152.00
"LPESC119",3/3/1999 10:30:00,1.00,"UK1",121.00
"LPESC119",3/3/1999 10:30:00,25.00,"UK1",113.00
"LPESC119",3/3/1999 10:30:00,43.00,"UK1",113.00
"LPESC119",3/3/1999 10:30:00,43.00,"UK2",114.00
"LPESC119",3/3/1999 10:30:00,58.00,"UK1",130.00
"LPESC119",3/3/1999 10:30:00,58.00,"UK2",133.00
"LPESC119",3/3/1999 10:30:00,74.00,"UK1",137.00
"LPNAV124",3/3/1999 16:15:00,1.00,"JF",125.00
"LPNAV124",3/3/1999 16:15:00,35.00,"UK1",114.00
"LPNAV124",3/3/1999 16:15:00,75.00,"UK1",126.00
"LPCRDT07",3/3/1999 21:50:00,0.00,"UK1",114.00
"LPCR-249",3/4/1999 8:11:00,0.30,"UK1",129.00
"LPCR0024",3/29/1999 13:00:00,1.00,"JF",125.00
"LPCR0024",3/29/1999 13:00:00,30.00,"SH1",110.00
"LPCR0024",3/29/1999 13:00:00,30.00,"SH2",107.00
"LPCR0024",3/29/1999 13:00:00,63.00,"CC1",127.00
"LPCR0024",3/29/1999 13:00:00,63.00,"CC2",131.00
"LPCR0024",3/29/1999 13:00:00,130.00,"SH",136.00
"LPCRDT07",3/29/1999 16:30:00,0.00,"CC1",127.00
"LPCRDT07",3/29/1999 16:30:00,0.00,"CC2",128.00
"LPCR0024",4/27/1999 11:00:00,1.00,"SH",108.00
"LPCR0024",4/27/1999 11:00:00,30.00,"SH",119.00
"LPCR0024",4/27/1999 11:00:00,65.00,"SH",134.00
"LPCR0024",4/27/1999 11:00:00,140.00,"SH",130.00
"LPCRDT04",4/27/1999 15:30:00,0.00,"SH",125.00
"LPCR-249",4/27/1999 18:28:00,1.00,"UK1",123.00
"LPCR-249",6/4/1999 9:15:00,1.00,"SH1",124.00
"LPCR-249",6/4/1999 9:15:00,1.00,"SH2",125.00
"LPCR0024",6/7/1999 14:20:00,1.00,"SH",110.00
"LPCR0024",6/7/1999 14:20:00,1.00,"TK",114.00
"LPCR0024",6/7/1999 14:20:00,50.00,"TK",128.00
"LPCR0024",6/7/1999 14:20:00,65.00,"TK",129.00
"LPCR0024",6/7/1999 14:20:00,150.00,"UK1",143.00
"LPCR0024",6/24/1999 11:00:00,1.00,"SH",115.00
"LPCR0024",6/24/1999 11:00:00,10.00,"AC",111.00
"LPCR0024",6/24/1999 11:00:00,45.00,"AC",112.00
"LPCR0453",6/24/1999 15:00:00,1.00,"BV1",116.00
"LPCR0453",6/24/1999 15:00:00,1.00,"BV2",120.00
"LPCR0453",6/24/1999 15:00:00,1.00,"KR1",122.00
"LPCR0453",6/24/1999 15:00:00,1.00,"KR2",125.00
"LPCR0453",6/24/1999 15:00:00,60.00,"UK1",128.00
"LPCR0453",6/24/1999 15:00:00,145.00,"UK1",130.00
"LPCR0905",6/25/1999 7:30:00,1.00,"RR",123.00
"LPCR0905",6/25/1999 7:30:00,20.00,"AC",114.00
"LPCR0905",6/25/1999 7:30:00,35.00,"AC",115.00
"LPCR0905",6/25/1999 7:30:00,130.00,"AC",128.00
"LPSJR735",6/25/1999 11:30:00,1.00,"AC",66.00
"LPSJR431",6/25/1999 13:10:00,1.00,"AC",96.00
"LPSJR431",6/25/1999 13:10:00,15.00,"AC",80.00
"LPSJR431",6/25/1999 13:10:00,30.00,"AC",102.00
"LPSJR431",6/25/1999 13:10:00,60.00,"AC",108.00
"LPSJR193",6/25/1999 15:40:00,1.00,"AC",108.00
"LPSJR193",6/25/1999 15:40:00,20.00,"AC",105.00
"LPSJR193",6/25/1999 15:40:00,40.00,"AC",117.00
"LPSJR193",6/25/1999 15:40:00,90.00,"AC",108.00
"LPESC378",6/26/1999 11:25:00,1.00,"UK1",131.00
"LPCR1169",6/26/1999 12:30:00,1.00,"AC",141.00
"LPCR1169",6/26/1999 12:30:00,12.00,"AC",109.00
"LPCR1169",6/26/1999 12:30:00,60.00,"AC",117.00
"LPCR1169",6/26/1999 12:30:00,125.00,"AC",133.00
"LPESC119",6/26/1999 15:15:00,1.00,"RR",122.00
"LPESC119",6/26/1999 15:15:00,50.00,"AC",125.00
"LPESC119",6/26/1999 15:15:00,78.00,"AC",124.00
"LPCR1692",6/27/1999 16:00:00,1.00,"UK1",123.00
"LPCR1692",6/27/1999 16:00:00,10.00,"UK1",111.00
"LPCR1692",6/27/1999 16:00:00,20.00,"UK1",140.00
"LPCR1692",6/27/1999 16:00:00,45.00,"UK1",124.00
"LPCR1692",6/27/1999 16:00:00,102.00,"UK1",139.00
"LPCR2618",6/28/1999 8:50:00,1.00,"RR1",94.00
"LPCR2618",6/28/1999 8:50:00,1.00,"RR2",98.00
"LPCR2387",6/28/1999 10:40:00,1.00,"MA",107.00
"LPCR2387",6/28/1999 10:40:00,20.00,"KR",102.00
"LPCR2387",6/28/1999 10:40:00,56.00,"KR",142.00
"LPCR2085",6/28/1999 11:30:00,1.00,"UK1",102.00
"LPCR2085",6/28/1999 11:30:00,15.00,"UK1",98.00
"LPCR2085",6/28/1999 11:30:00,82.00,"RR1",140.00
"LPCR2085",6/28/1999 11:30:00,82.00,"RR2",148.00
"LPCR0024",7/14/1999 14:00:00,1.00,"UK1",118.00
"LPCR0024",7/14/1999 14:00:00,69.00,"UK1",118.00
"LPCR0024",7/14/1999 14:00:00,69.00,"UK2",125.00
"LPCR0024",7/14/1999 14:00:00,155.00,"UK1",143.00
"LPCR0024",7/14/1999 14:00:00,155.00,"UK2",137.00
"LPCR0024",8/9/1999 11:00:00,1.00,"UK1",115.00
"LPCR0024",8/9/1999 11:00:00,1.00,"UK2",115.00
"LPCR0024",8/9/1999 11:00:00,14.00,"UK1",119.00
"LPCR0024",8/9/1999 11:00:00,14.00,"UK2",119.00
"LPCR0024",8/9/1999 11:00:00,68.00,"UK1",127.00
"LPCR0024",8/9/1999 11:00:00,68.00,"UK2",115.00
"LPCR0024",8/9/1999 11:00:00,68.00,"UK3",121.00
"LPCR0024",8/9/1999 11:00:00,100.00,"UK1",139.00
"LPCR0024",8/9/1999 11:00:00,155.00,"UK1",131.00
"LPCR0024",8/9/1999 11:00:00,155.00,"UK2",129.00
"LPCR-249",9/9/1999 11:20:00,1.00,"SH",120.00
"LPCRDT08",9/9/1999 13:30:00,0.00,"MA",126.00
"LPCRDT08",9/9/1999 13:30:00,0.00,"RR",125.00
"LPCR0905",9/10/1999 14:00:00,38.00,"UK1",124.00
"LPCR0905",9/10/1999 14:00:00,50.00,"UK1",120.00
"LPCR0905",9/10/1999 14:00:00,131.00,"UK1",137.00
"LPSJR193",9/11/1999 8:30:00,1.00,"UK1",86.00
"LPSJR193",9/11/1999 8:30:00,17.00,"UK1",91.00
"LPSJR193",9/11/1999 8:30:00,50.00,"UK1",111.00
"LPSJR193",9/11/1999 8:30:00,95.00,"UK1",135.00
"LPSJR431",9/11/1999 11:00:00,1.00,"UK1",84.00
"LPSJR431",9/11/1999 11:00:00,12.00,"SH",84.00
"LPSJR431",9/11/1999 11:00:00,26.00,"UK1",84.00
"LPSJR431",9/11/1999 11:00:00,50.00,"SH",109.00
"LPSJR855",9/11/1999 14:00:00,2.00,"UK1",85.00
"LPSJR855",9/11/1999 14:00:00,2.00,"UK2",88.00
"LPCR1169",9/12/1999 9:15:00,1.00,"MA",109.00
"LPCR1169",9/12/1999 9:15:00,1.00,"SH",103.00
"LPCR1169",9/12/1999 9:15:00,19.00,"RR",102.00
"LPCR1169",9/12/1999 9:15:00,19.00,"SH",98.00
"LPCR1169",9/12/1999 9:15:00,51.00,"MA",128.00
"LPCR1169",9/12/1999 9:15:00,120.00,"SH",133.00
"LPESC119",9/12/1999 16:30:00,1.00,"MA",114.00
"LPESC119",9/12/1999 16:30:00,17.00,"UK1",109.00
"LPESC119",9/12/1999 16:30:00,40.00,"MA",118.00
"LPESC119",9/12/1999 16:30:00,78.00,"UK1",138.00
"LPCR1692",9/13/1999 9:30:00,1.00,"MA",113.00
"LPCR1692",9/13/1999 9:30:00,16.00,"MA",128.00
"LPCR1692",9/13/1999 9:30:00,40.00,"MA",127.00
"LPCR1692",9/13/1999 9:30:00,65.00,"MA",135.00
"LPCR1692",9/13/1999 9:30:00,94.00,"MA",137.00
"LPCR2716",9/13/1999 14:30:00,1.00,"SH1",133.00
"LPCR2716",9/13/1999 14:30:00,1.00,"SH2",138.00
"LPCR2716",9/13/1999 14:30:00,7.00,"SH",130.00
"LPCR2387",9/13/1999 17:30:00,1.00,"UK1",118.00
"LPCR2387",9/13/1999 17:30:00,20.00,"UK1",138.00
"LPCR2387",9/13/1999 17:30:00,45.00,"UK1",136.00
"LPCR2085",9/14/1999 6:30:00,1.00,"RR",114.00
"LPCR2085",9/14/1999 6:30:00,18.00,"UK1",124.00
"LPCR2085",9/14/1999 6:30:00,26.00,"UK1",106.00
"LPCR2085",9/14/1999 6:30:00,70.00,"UK1",142.00
"LPNAV124",9/15/1999 9:00:00,1.00,"MA",111.00
"LPNAV124",9/15/1999 9:00:00,1.00,"SH",110.00
"LPNAV124",9/15/1999 9:00:00,35.00,"UK1",118.00
"LPNAV124",9/15/1999 9:00:00,85.00,"UK1",134.00
"LPCR0024",9/15/1999 11:05:00,1.00,"MA",114.00
"LPCR0024",9/15/1999 11:05:00,34.00,"UK1",117.00
"LPCR0024",9/15/1999 11:05:00,68.00,"UK1",119.00
"LPCR0024",9/15/1999 11:05:00,152.00,"UK1",136.00
"LPCR-249",10/15/1999 10:06:00,0.50,"UK1",118.00
"LPCR0024",10/15/1999 14:20:00,1.00,"SH",105.00
"LPCR0024",10/15/1999 14:20:00,35.00,"MR",117.00
"LPCR0024",10/15/1999 14:20:00,35.00,"SH",113.00
"LPCR0024",10/15/1999 14:20:00,67.00,"SH",116.00
"LPCR0024",10/15/1999 14:20:00,150.00,"SH",131.00
"LPCR0024",11/19/1999 10:15:00,1.00,"SH1",114.00
"LPCR0024",11/19/1999 10:15:00,1.00,"SH2",110.00
"LPCR0024",11/19/1999 10:15:00,42.00,"UK1",114.00
"LPCR0024",11/19/1999 10:15:00,66.00,"UK1",113.00
"LPCR0024",11/19/1999 10:15:00,150.00,"UK1",130.00
"LPCR0024",11/19/1999 10:15:00,150.00,"UK2",132.00
"LPCR-249",11/19/1999 18:30:00,0.50,"UK1",113.00
"LPCR-249",11/19/1999 18:30:00,0.50,"UK2",120.00
"LPCR0024",12/6/1999 11:10:00,1.00,"UK1",115.00
"LPCR0024",12/6/1999 11:10:00,65.00,"UK1",114.00
"LPCR0024",12/6/1999 11:10:00,65.00,"UK2",120.00
"LPCR0024",12/6/1999 11:10:00,150.00,"UK1",136.00
"LPCR0453",12/6/1999 15:15:00,1.00,"SH",109.00
"LPCR0453",12/6/1999 15:15:00,67.00,"RR",124.00
"LPCR0453",12/6/1999 15:15:00,67.00,"SH",119.00
"LPCR0453",12/6/1999 15:15:00,120.00,"RR",136.00
"LPCR0453",12/6/1999 15:15:00,145.00,"RR",138.00
"LPCR0905",12/7/1999 8:35:00,1.00,"RR",105.00
"LPCR0905",12/7/1999 8:35:00,1.00,"SH",101.00
"LPCR0905",12/7/1999 8:35:00,60.00,"UK1",132.00
"LPCR0905",12/7/1999 8:35:00,129.00,"UK1",136.00
"LPCR1169",12/7/1999 11:30:00,1.00,"RR",109.00
"LPCR1169",12/7/1999 11:30:00,55.00,"UK1",135.00
"LPCR1169",12/7/1999 11:30:00,120.00,"UK1",136.00
"LPCR1692",12/7/1999 15:30:00,1.00,"RR",115.00
"LPCR1692",12/7/1999 15:30:00,1.00,"SH",112.00
"LPCR1692",12/7/1999 15:30:00,60.00,"UK1",141.00
"LPCR1692",12/7/1999 15:30:00,97.00,"RR",142.00
"LPCR2085",12/8/1999 11:20:00,78.00,"UK1",150.00
"LPCR2387",12/8/1999 15:05:00,48.00,"UK1",136.00
"LPCR2387",12/8/1999 15:05:00,56.50,"UK1",147.00
"LPCR2716",12/9/1999 8:50:00,1.00,"UK1",163.00
"LPSJR193",12/9/1999 16:30:00,1.00,"UK1",98.00
"LPSJR193",12/9/1999 16:30:00,55.00,"UK1",109.00
"LPSJR193",12/9/1999 16:30:00,93.00,"UK1",130.00
"LPSJR431",12/10/1999 9:35:00,1.00,"UK1",95.00
"LPSJR431",12/10/1999 9:35:00,50.00,"UK1",100.00
"LPSJR431",12/10/1999 9:35:00,59.00,"UK1",118.00
"LPCRDT08",12/11/1999 14:20:00,0.00,"SH",127.00
"LPCR-249",12/11/1999 16:15:00,0.80,"UK1",117.00
"LPCR0024",1/19/2000 10:30:00,1.00,"SH",119.00
"LPCR0024",1/19/2000 10:30:00,1.00,"SU",113.00
"LPCR0024",1/19/2000 10:30:00,64.00,"SH",118.00
"LPCR0024",1/19/2000 10:30:00,93.00,"SH",135.00
"LPCR0024",1/19/2000 10:30:00,150.00,"SH",132.00
"LPCRDT06",1/19/2000 14:30:00,0.00,"SH",118.00
"LPCR-249",1/19/2000 17:00:00,0.30,"SH",134.00
"LPCR-249",2/24/2000 9:00:00,0.50,"SH",120.00
"LPCRDT06",2/24/2000 11:30:00,0.00,"SH",126.00
"LPCR0024",2/25/2000 9:00:00,1.00,"UK1",109.00
"LPCR0024",2/25/2000 9:00:00,63.00,"UK1",130.00
"LPCR0024",2/25/2000 9:00:00,93.00,"UK1",127.00
"LPCR0024",2/25/2000 9:00:00,150.00,"UK1",127.00
"LPCR0453",2/25/2000 12:00:00,1.00,"UK1",111.00
"LPCR0453",2/25/2000 12:00:00,55.00,"UK1",126.00
"LPCR0453",2/25/2000 12:00:00,105.00,"UK1",132.00
"LPCR0453",2/25/2000 12:00:00,145.00,"SH",128.00
"LPCR0905",2/25/2000 15:00:00,1.00,"RR",111.00
"LPCR0905",2/25/2000 15:00:00,63.00,"RR",116.00
"LPCR0905",2/25/2000 15:00:00,128.00,"UK1",127.00
"LPSJR193",2/26/2000 9:00:00,1.00,"UK1",107.00
"LPSJR193",2/26/2000 9:00:00,60.00,"UK1",104.00
"LPSJR193",2/26/2000 9:00:00,73.00,"UK1",134.00
"LPSJR193",2/26/2000 9:00:00,90.00,"UK1",134.00
"LPSJR431",2/26/2000 11:00:00,1.00,"RR",97.00
"LPSJR431",2/26/2000 11:00:00,43.00,"SH",93.00
"LPSJR431",2/26/2000 11:00:00,56.00,"SH",106.00
"LPSJR813",2/26/2000 13:30:00,1.00,"RR",124.00
"LPCR1169",2/27/2000 9:30:00,1.00,"RR",115.00
"LPCR1169",2/27/2000 9:30:00,60.00,"RR",131.00
"LPCR1169",2/27/2000 9:30:00,120.00,"RR",133.00
"LPCR1692",2/27/2000 14:00:00,1.00,"UK1",121.00
"LPCR1692",2/27/2000 14:00:00,57.00,"SH",121.00
"LPCR1692",2/27/2000 14:00:00,90.00,"SH",127.00
"LPCR2085",2/28/2000 10:00:00,1.00,"RR",114.00
"LPCR2085",2/28/2000 10:00:00,35.00,"RR",117.00
"LPCR2085",2/28/2000 10:00:00,78.00,"RR",144.00
"LPCR2716",2/28/2000 14:00:00,1.00,"UK1",165.00
"LPCR2387",2/28/2000 15:30:00,1.00,"UK1",117.00
"LPCR2387",2/28/2000 15:30:00,40.00,"UK1",130.00
"LPCR2387",2/28/2000 15:30:00,55.00,"UK1",138.00
"LPESC119",2/29/2000 12:30:00,1.00,"UK1",123.00
"LPESC119",2/29/2000 12:30:00,35.00,"UK1",121.00
"LPESC119",2/29/2000 12:30:00,75.00,"UK1",138.00
"LPESC348",2/29/2000 15:30:00,0.50,"UK1",135.00
"LPNAV124",3/1/2000 11:30:00,1.00,"UK1",116.00
"LPNAV124",3/1/2000 11:30:00,55.00,"UK1",136.00
"LPNAV124",3/1/2000 11:30:00,80.00,"UK1",134.00
"LPCR0024",3/31/2000 11:30:00,1.00,"SH",116.00
"LPCR0024",3/31/2000 11:30:00,45.00,"SH",117.00
"LPCR0024",3/31/2000 11:30:00,63.00,"SH",127.00
"LPCR0024",3/31/2000 11:30:00,103.00,"SH",130.00
"LPCR0024",3/31/2000 11:30:00,150.00,"SH",139.00
"LPCRDT06",3/31/2000 15:20:00,0.00,"DB",119.00
"LPCRDT06",3/31/2000 15:20:00,0.00,"SH",127.00
"LPCR-249",3/31/2000 18:30:00,0.30,"DB",137.00
"LPCR0024",4/28/2000 11:15:00,1.00,"SH",119.00
"LPCR0024",4/28/2000 11:15:00,42.00,"BV",120.00
"LPCR0024",4/28/2000 11:15:00,42.00,"CM",108.00
"LPCR0024",4/28/2000 11:15:00,63.00,"CM1",130.00
"LPCR0024",4/28/2000 11:15:00,63.00,"CM2",133.00
"LPCR0024",4/28/2000 11:15:00,145.00,"CM1",129.00
"LPCR0024",4/28/2000 11:15:00,145.00,"CM2",134.00
"LPCRDT05",4/28/2000 17:00:00,0.00,"UK1",129.00
"LPCR-249",4/29/2000 8:35:00,0.30,"UK1",127.00
"LPCR0024",5/22/2000 14:00:00,1.00,"MA",114.00
"LPCR0024",5/22/2000 14:00:00,40.00,"RR",113.00
"LPCR0024",5/22/2000 14:00:00,63.00,"MA",127.00
"LPCR0024",5/22/2000 14:00:00,148.00,"MA",131.00
"LPCR0453",5/22/2000 17:00:00,1.00,"MA",117.00
"LPCR0453",5/22/2000 17:00:00,38.00,"RR",118.00
"LPCR0453",5/22/2000 17:00:00,90.00,"RR",136.00
"LPCR0453",5/22/2000 17:00:00,145.00,"SH",127.00
"LPCR0905",5/23/2000 9:00:00,1.00,"RR",122.00
"LPCR0905",5/23/2000 9:00:00,1.00,"SH",116.00
"LPCR0905",5/23/2000 9:00:00,15.00,"BV",11.00
"LPCR0905",5/23/2000 9:00:00,38.00,"BV",113.00
"LPCR0905",5/23/2000 9:00:00,127.00,"SH",132.00
"LPCR1169",5/23/2000 11:00:00,1.00,"MA",122.00
"LPCR1169",5/23/2000 11:00:00,25.00,"RR",112.00
"LPCR1169",5/23/2000 11:00:00,120.00,"RR",139.00
"LPESC119",5/24/2000 7:00:00,1.00,"SH",117.00
"LPESC119",5/24/2000 7:00:00,74.00,"MA",132.00
"LPCR1692",5/24/2000 12:00:00,18.00,"SH",127.00
"LPCR1692",5/24/2000 12:00:00,35.00,"SH",121.00
"LPCR1692",5/24/2000 12:00:00,95.00,"RR",129.00
"LPCR2626",5/24/2000 17:20:00,1.00,"BV",106.00
"LPCR2626",5/24/2000 17:20:00,5.00,"RR",99.00
"LPCR2387",5/25/2000 9:00:00,1.00,"SH",96.00
"LPCR2387",5/25/2000 9:00:00,18.00,"SH",95.00
"LPCR2387",5/25/2000 9:00:00,48.00,"SH",137.00
"LPCR2085",5/25/2000 11:30:00,1.00,"RR",112.00
"LPCR2085",5/25/2000 11:30:00,18.00,"RR",113.00
"LPCR2085",5/25/2000 11:30:00,35.00,"RR",128.00
"LPCR2085",5/25/2000 11:30:00,75.00,"UK1",133.00
"LPSJR833",5/26/2000 9:00:00,1.50,"RR1",97.00
"LPSJR833",5/26/2000 9:00:00,1.50,"RR2",108.00
"LPSJR431",5/26/2000 11:30:00,1.00,"SH",106.00
"LPSJR431",5/26/2000 11:30:00,15.00,"SH",107.00
"LPSJR431",5/26/2000 11:30:00,42.00,"SH",108.00
"LPSJR431",5/26/2000 11:30:00,56.00,"SH",114.00
"LPSJR193",5/26/2000 14:30:00,1.00,"SH",111.00
"LPSJR193",5/26/2000 14:30:00,45.00,"RR",105.00
"LPSJR193",5/26/2000 14:30:00,90.00,"SH",137.00
"LPNAV124",5/27/2000 8:00:00,1.00,"SH",118.00
"LPNAV124",5/27/2000 8:00:00,40.00,"RR",118.00
"LPNAV124",5/27/2000 8:00:00,83.00,"RR",134.00
"LPCRDT05",5/27/2000 15:45:00,0.00,"UK1",129.00
"LPCR0024",7/6/2000 11:00:00,1.00,"UK1",120.00
"LPCR0024",7/6/2000 11:00:00,13.00,"UK1",113.00
"LPCR0024",7/6/2000 11:00:00,50.00,"UK1",119.00
"LPCR0024",7/6/2000 11:00:00,65.00,"MA",127.00
"LPCR0024",7/6/2000 11:00:00,150.00,"UK1",130.00
"LPCRDT05",7/6/2000 17:00:00,0.00,"UK1",125.00
"LPCR-249",7/6/2000 19:00:00,0.30,"UK1",127.00
"LPCR0024",8/2/2000 10:00:00,1.00,"MA",116.00
"LPCR0024",8/2/2000 10:00:00,16.00,"MA",114.00
"LPCR0024",8/2/2000 10:00:00,50.00,"MA",116.00
"LPCR0024",8/2/2000 10:00:00,65.00,"MA",126.00
"LPCR0024",8/2/2000 10:00:00,94.00,"MA",139.00
"LPCR0024",8/2/2000 10:00:00,150.00,"MA",135.00
"LPCRDT05",8/2/2000 15:45:00,0.00,"SH",121.00
"LPCR-249",8/2/2000 18:30:00,0.20,"BR",131.00
"LPCR-249",8/2/2000 18:30:00,0.20,"SH",120.00
"LPCR0024",8/25/2000 15:10:00,1.00,"MA",117.00
"LPCR0024",8/25/2000 15:10:00,15.00,"MA",112.00
"LPCR0024",8/25/2000 15:10:00,50.00,"MA",116.00
"LPCR0024",8/25/2000 15:10:00,64.00,"MA",120.00
"LPCR0024",8/25/2000 15:10:00,150.00,"MA",137.00
"LPCR0453",8/26/2000 8:10:00,1.00,"RR",107.00
"LPCR0453",8/26/2000 8:10:00,13.00,"RR",118.00
"LPCR0453",8/26/2000 8:10:00,50.00,"UK1",123.00
"LPCR0453",8/26/2000 8:10:00,145.00,"SH",130.00
"LPCR0905",8/26/2000 11:40:00,1.00,"UK1",109.00
"LPCR0905",8/26/2000 11:40:00,16.00,"UK1",108.00
"LPCR0905",8/26/2000 11:40:00,50.00,"UK1",120.00
"LPCR0905",8/26/2000 11:40:00,128.00,"UK1",121.00
"LPCR1169",8/26/2000 17:00:00,1.00,"RR",105.00
"LPCR1169",8/26/2000 17:00:00,16.00,"SH",95.00
"LPCR1169",8/26/2000 17:00:00,50.00,"SH",115.00
"LPCR1169",8/26/2000 17:00:00,120.00,"SH",138.00
"LPCR1692",8/27/2000 11:30:00,1.00,"RR",104.00
"LPCR1692",8/27/2000 11:30:00,16.00,"RR",100.00
"LPCR1692",8/27/2000 11:30:00,35.00,"RR",122.00
"LPCR1692",8/27/2000 11:30:00,55.00,"RR",127.00
"LPCR1692",8/27/2000 11:30:00,95.00,"RR",144.00
"LPCR2085",8/28/2000 8:00:00,1.00,"MA",111.00
"LPCR2085",8/28/2000 8:00:00,14.00,"RR",108.00
"LPCR2085",8/28/2000 8:00:00,18.00,"RR",97.00
"LPCR2085",8/28/2000 8:00:00,41.00,"RR",123.00
"LPCR2085",8/28/2000 8:00:00,81.00,"MA",136.00
"LPCR2387",8/28/2000 11:30:00,1.00,"RR",122.00
"LPCR2387",8/28/2000 11:30:00,16.00,"MA",136.00
"LPCR2387",8/28/2000 11:30:00,21.00,"MA",98.00
"LPCR2387",8/28/2000 11:30:00,40.00,"MA",127.00
"LPCR2387",8/28/2000 11:30:00,55.00,"RR",141.00
"LPCR2483",8/28/2000 14:00:00,1.00,"UK1",113.00
"LPCR2626",8/28/2000 15:15:00,1.00,"BV1",130.00
"LPCR2626",8/28/2000 15:15:00,1.00,"BV2",143.00
"LPCR2626",8/28/2000 15:15:00,1.00,"BV3",133.00
"LPCR2626",8/28/2000 15:15:00,1.00,"BV4",135.00
"LPCR2626",8/28/2000 15:15:00,1.00,"BV5",143.00
"LPESC119",8/29/2000 9:45:00,1.00,"RR",106.00
"LPESC119",8/29/2000 9:45:00,22.00,"RR",113.00
"LPESC119",8/29/2000 9:45:00,45.00,"RR",118.00
"LPESC119",8/29/2000 9:45:00,75.00,"RR",136.00
"LPESC347",8/29/2000 13:45:00,0.60,"RR",123.00
"LPSJR193",8/30/2000 7:45:00,1.00,"MA",97.00
"LPSJR193",8/30/2000 7:45:00,18.00,"MA",106.00
"LPSJR193",8/30/2000 7:45:00,25.00,"MA",113.00
"LPSJR193",8/30/2000 7:45:00,40.00,"MA",105.00
"LPSJR193",8/30/2000 7:45:00,92.00,"MA",131.00
"LPSJR431",8/30/2000 10:40:00,1.00,"RR",87.00
"LPSJR431",8/30/2000 10:40:00,15.00,"SH",89.00
"LPSJR431",8/30/2000 10:40:00,34.00,"SH",104.00
"LPSJR431",8/30/2000 10:40:00,57.00,"SH",113.00
"LPSJR850",8/30/2000 14:00:00,0.50,"MA",138.00
"LPNAV124",8/31/2000 7:30:00,1.00,"MA",109.00
"LPNAV124",8/31/2000 7:30:00,13.00,"SH",112.00
"LPNAV124",8/31/2000 7:30:00,50.00,"SH",113.00
"LPNAV124",8/31/2000 7:30:00,81.00,"SH",139.00
"LPCRDT03",8/31/2000 12:30:00,0.00,"SH",136.00
"LPCR-249",8/31/2000 15:45:00,0.30,"SH",139.00
"LPCR0024",9/13/2000 11:30:00,1.00,"MA",116.00
"LPCR0024",9/13/2000 11:30:00,50.00,"UK1",120.00
"LPCR0024",9/13/2000 11:30:00,64.00,"UK1",124.00
"LPCR0024",9/13/2000 11:30:00,100.00,"MA",132.00
"LPCR0024",9/13/2000 11:30:00,150.00,"MA",140.00
"LPCRDT03",9/13/2000 16:40:00,0.00,"SH",122.00
"LPCR-249",9/13/2000 19:30:00,0.30,"SH",137.00
"LPCR0024",11/8/2000 10:30:00,1.00,"SH",124.00
"LPCR0024",11/8/2000 10:30:00,40.00,"BV",122.00
"LPCR0024",11/8/2000 10:30:00,63.00,"BV",124.00
"LPCR0024",11/8/2000 10:30:00,150.00,"BV",139.00
"LPCRDT03",11/8/2000 12:40:00,0.00,"NV",121.00
"LPCRDT03",11/8/2000 12:40:00,0.00,"SH",120.00
"LPCR-249",11/8/2000 15:35:00,0.30,"UK1",119.00
"LPCR0024",11/27/2000 9:45:00,1.00,"UK1",118.00
"LPCR0024",11/27/2000 9:45:00,64.00,"UK1",120.00
"LPCR0024",11/27/2000 9:45:00,90.00,"UK1",132.00
"LPCR0024",11/27/2000 9:45:00,148.00,"SH",137.00
"LPCRDT03",12/7/2000 11:00:00,0.00,"SH",121.00
"LPCR-249",12/7/2000 14:05:00,0.30,"SH",112.00
"LPCR0024",12/8/2000 10:40:00,1.00,"RR",110.00
"LPCR0024",12/8/2000 10:40:00,50.00,"UK1",114.00
"LPCR0024",12/8/2000 10:40:00,62.00,"UK1",111.00
"LPCR0024",12/8/2000 10:40:00,90.00,"UK1",127.00
"LPCR0024",12/8/2000 10:40:00,147.00,"UK1",137.00
"LPCR0453",12/8/2000 14:20:00,1.00,"SH",110.00
"LPCR0453",12/8/2000 14:20:00,55.00,"UK1",114.00
"LPCR0453",12/8/2000 14:20:00,140.00,"RR",125.00
"LPCR0905",12/9/2000 8:50:00,1.00,"SH",109.00
"LPCR0905",12/9/2000 8:50:00,55.00,"SH",121.00
"LPCR0905",12/9/2000 8:50:00,125.00,"RR",129.00
"LPSJR193",12/9/2000 11:40:00,1.00,"SH",103.00
"LPSJR193",12/9/2000 11:40:00,50.00,"RR",109.00
"LPSJR193",12/9/2000 11:40:00,85.00,"RR",128.00
"LPSJR431",12/9/2000 14:45:00,1.00,"NV",102.00
"LPSJR431",12/9/2000 14:45:00,40.00,"RR",103.00
"LPSJR431",12/9/2000 14:45:00,55.00,"NV",121.00
"LPSJR830",12/10/2000 8:40:00,0.50,"UK1",115.00
"LPCR1169",12/10/2000 12:45:00,1.00,"RR",110.00
"LPCR1169",12/10/2000 12:45:00,50.00,"NV",121.00
"LPCR1169",12/10/2000 12:45:00,100.00,"RR",136.00
"LPCR1692",12/11/2000 8:25:00,1.00,"UK1",116.00
"LPCR1692",12/11/2000 8:25:00,55.00,"SH",135.00
"LPCR1692",12/11/2000 8:25:00,75.00,"SH",137.00
"LPCR1692",12/11/2000 8:25:00,85.00,"SH",130.00
"LPCR2085",12/11/2000 15:15:00,1.00,"SH",121.00
"LPCR2085",12/11/2000 15:15:00,45.00,"RR",131.00
"LPCR2085",12/11/2000 15:15:00,72.00,"RR",135.00
"LPCR2387",12/12/2000 10:00:00,1.00,"SH",119.00
"LPCR2387",12/12/2000 10:00:00,40.00,"RR",115.00
"LPCR2387",12/12/2000 10:00:00,48.00,"RR",126.00
"LPCR2387",12/12/2000 10:00:00,52.50,"SH",137.00
"LPCR2716",12/12/2000 12:35:00,1.00,"UK1",151.00
"LPESC119",12/13/2000 9:15:00,1.00,"SH",118.00
"LPESC119",12/13/2000 9:15:00,30.00,"NV",119.00
"LPESC119",12/13/2000 9:15:00,30.00,"SH",121.00
"LPESC119",12/13/2000 9:15:00,39.00,"NV",124.00
"LPESC119",12/13/2000 9:15:00,39.00,"SH",122.00
"LPESC119",12/13/2000 9:15:00,48.00,"NV",127.00
"LPESC119",12/13/2000 9:15:00,48.00,"SH",126.00
"LPESC119",12/13/2000 9:15:00,72.00,"UK1",134.00
"LPESC337",12/13/2000 11:55:00,0.50,"SH",118.00
"LPCR0024",1/19/2001 11:15:00,1.00,"SH",115.00
"LPCR0024",1/19/2001 11:15:00,60.00,"SH",110.00
"LPCR0024",1/19/2001 11:15:00,100.00,"SH",133.00
"LPCR0024",1/19/2001 11:15:00,145.00,"SH",148.00
"LPCRDT06",1/19/2001 15:40:00,0.00,"SH",120.00
"LPCR-249",1/19/2001 17:45:00,0.30,"NV",131.00
"LPCR0024",2/15/2001 11:45:00,1.00,"SH",130.00
"LPCR0024",2/15/2001 11:45:00,45.00,"NV",133.00
"LPCR0024",2/15/2001 11:45:00,59.00,"NV",139.00
"LPCR0024",2/15/2001 11:45:00,75.00,"NV",152.00
"LPCR0024",2/15/2001 11:45:00,135.00,"NV",152.00
"LPCRDT06",2/15/2001 16:00:00,0.00,"NV",139.00
"LPCR-249",2/16/2001 15:30:00,0.30,"SH",132.00
"LPCR-249",3/3/2001 21:30:00,0.30,"UK1",126.00
"LPCRDT06",3/4/2001 9:45:00,0.00,"UK1",129.00
"LPCR0024",3/4/2001 14:00:00,1.00,"NV",128.00
"LPCR0024",3/4/2001 14:00:00,50.00,"NV",124.00
"LPCR0024",3/4/2001 14:00:00,59.00,"RR",125.00
"LPCR0024",3/4/2001 14:00:00,72.00,"RR",138.00
"LPCR0024",3/4/2001 14:00:00,90.00,"NV",135.00
"LPCR0024",3/4/2001 14:00:00,145.00,"RR",136.00
"LPCR0453",3/5/2001 8:05:00,1.00,"NV",126.00
"LPCR0453",3/5/2001 8:05:00,40.00,"SH",116.00
"LPCR0453",3/5/2001 8:05:00,70.00,"SH",134.00
"LPCR0453",3/5/2001 8:05:00,130.00,"SH",136.00
"LPCR0905",3/5/2001 12:40:00,1.00,"NV",129.00
"LPCR0905",3/5/2001 12:40:00,40.00,"NV",127.00
"LPCR0905",3/5/2001 12:40:00,70.00,"NV",141.00
"LPCR0905",3/5/2001 12:40:00,115.00,"NV",136.00
"LPSJR193",3/5/2001 15:45:00,1.00,"NV",127.00
"LPSJR193",3/5/2001 15:45:00,65.00,"NV",117.00
"LPSJR193",3/5/2001 15:45:00,85.00,"NV",140.00
"LPSJR431",3/6/2001 8:50:00,1.00,"NK",113.00
"LPSJR431",3/6/2001 8:50:00,30.00,"NK",113.00
"LPSJR431",3/6/2001 8:50:00,46.00,"NK",112.00
"LPCR1169",3/6/2001 16:05:00,1.00,"UK1",125.00
"LPCR1169",3/6/2001 16:05:00,25.00,"NK",122.00
"LPCR1169",3/6/2001 16:05:00,53.00,"NK",131.00
"LPCR1169",3/6/2001 16:05:00,100.00,"NK",134.00
"LPCR1692",3/7/2001 11:15:00,1.00,"RR",118.00
"LPCR1692",3/7/2001 11:15:00,25.00,"NK",127.00
"LPCR1692",3/7/2001 11:15:00,80.00,"NK",133.00
"LPCR2085",3/8/2001 9:15:00,1.00,"NV",130.00
"LPCR2085",3/8/2001 9:15:00,30.00,"NK",130.00
"LPCR2085",3/8/2001 9:15:00,70.00,"NK",150.00
"LPCR2387",3/8/2001 12:15:00,1.00,"RR",128.00
"LPCR2387",3/8/2001 12:15:00,16.00,"RR",127.00
"LPCR2387",3/8/2001 12:15:00,34.00,"SH",128.00
"LPCR2716",3/8/2001 15:30:00,1.00,"UK1",169.00
"LPESC119",3/9/2001 13:00:00,1.00,"NK",126.00
"LPESC119",3/9/2001 13:00:00,25.00,"UK1",127.00
"LPESC119",3/9/2001 13:00:00,40.00,"NV",128.00
"LPESC119",3/9/2001 13:00:00,66.00,"NV",135.00
"LPNAV124",3/10/2001 9:10:00,1.00,"NV",128.00
"LPNAV124",3/10/2001 9:10:00,30.00,"NV",125.00
"LPNAV124",3/10/2001 9:10:00,70.00,"NV",138.00
"LPCR0024",4/17/2001 11:00:00,1.00,"SH",116.00
"LPCR0024",4/17/2001 11:00:00,35.00,"BV",126.00
"LPCR0024",4/17/2001 11:00:00,59.00,"BV",142.00
"LPCR0024",4/17/2001 11:00:00,100.00,"BV",164.00
"LPCR0024",4/17/2001 11:00:00,140.00,"BV",151.00
"LPCRDT06",4/17/2001 15:50:00,0.00,"SH1",133.00
"LPCRDT06",4/17/2001 15:50:00,0.00,"SH2",148.00
"LPCR-249",4/17/2001 18:00:00,0.30,"SH1",140.00
"LPCR-249",4/17/2001 18:00:00,0.30,"SH2",142.00
"LPCR-249",4/17/2001 18:00:00,0.30,"SH3",142.00
"LPCR0024",5/8/2001 10:45:00,1.00,"SH",132.00
"LPCR0024",5/8/2001 10:45:00,38.00,"NV",134.00
"LPCR0024",5/8/2001 10:45:00,59.00,"NV",140.00
"LPCR0024",5/8/2001 10:45:00,100.00,"NV",149.00
"LPCR0024",5/8/2001 10:45:00,140.00,"SH",136.00
"LPCRDT04",5/8/2001 15:15:00,0.00,"SH1",133.00
"LPCRDT04",5/8/2001 15:15:00,0.00,"SH2",141.00
"LPCR-249",5/8/2001 17:50:00,0.30,"UK1",140.00
"LPCR-249",6/1/2001 18:25:00,0.30,"UK1",127.00
"LPCR-249",6/1/2001 18:25:00,0.30,"UK2",124.00
"LPCR-249",6/1/2001 18:25:00,0.30,"UK3",141.00
"LPCRDT06",6/1/2001 20:45:00,0.00,"SH1",154.00
"LPCRDT06",6/1/2001 20:45:00,0.00,"SH2",130.00
"LPCR0024",6/2/2001 10:25:00,1.00,"SH",129.00
"LPCR0024",6/2/2001 10:25:00,20.00,"SH",107.00
"LPCR0024",6/2/2001 10:25:00,50.00,"NV",121.00
"LPCR0024",6/2/2001 10:25:00,61.00,"UK1",130.00
"LPCR0024",6/2/2001 10:25:00,140.00,"UK1",130.00
"LPCR0905",6/2/2001 17:00:00,1.00,"MA",105.00
"LPCR0905",6/2/2001 17:00:00,45.00,"MA",112.00
"LPCR0905",6/2/2001 17:00:00,120.00,"MA",117.00
"LPSJR193",6/3/2001 9:30:00,1.00,"SH",108.00
"LPSJR193",6/3/2001 9:30:00,25.00,"SH",107.00
"LPSJR193",6/3/2001 9:30:00,50.00,"SH",92.00
"LPSJR193",6/3/2001 9:30:00,85.00,"RR",113.00
"LPSJR431",6/3/2001 12:40:00,1.00,"NV",103.00
"LPSJR431",6/3/2001 12:40:00,11.00,"RR",79.00
"LPSJR431",6/3/2001 12:40:00,25.00,"RR",105.00
"LPSJR431",6/3/2001 12:40:00,45.00,"RR",99.00
"LPSJR625",6/3/2001 14:50:00,1.00,"NV",69.00
"LPSJR625",6/3/2001 14:50:00,19.00,"NV",76.00
"LPCR-249",7/23/2001 17:00:00,0.30,"NV",111.00
"LPCR0024",7/24/2001 12:37:00,1.00,"NV",117.00
"LPCR0024",7/24/2001 12:37:00,11.00,"UK1",117.00
"LPCR0024",7/24/2001 12:37:00,40.00,"NV",119.00
"LPCR0024",7/24/2001 12:37:00,61.00,"NV",121.00
"LPCR0024",7/24/2001 12:37:00,80.00,"NV",132.00
"LPCR0024",7/24/2001 12:37:00,145.00,"NV",130.00
"LPCRDT06",7/24/2001 20:15:00,0.00,"SH",129.00
"LPCRDT06",8/22/2001 10:10:00,0.00,"SH",119.00
"LPCR0024",8/22/2001 15:00:00,1.00,"RR",110.00
"LPCR0024",8/22/2001 15:00:00,15.00,"SH",118.00
"LPCR0024",8/22/2001 15:00:00,40.00,"SH",118.00
"LPCR0024",8/22/2001 15:00:00,60.00,"SH",122.00
"LPCR0024",8/22/2001 15:00:00,90.00,"UK1",128.00
"LPCR0024",8/22/2001 15:00:00,140.00,"SH",153.00
"LPCR0905",8/23/2001 9:30:00,1.00,"RR",99.00
"LPCR0905",8/23/2001 9:30:00,16.00,"RR",102.00
"LPCR0905",8/23/2001 9:30:00,70.00,"RR",127.00
"LPCR0905",8/23/2001 9:30:00,124.00,"RR",133.00
"LPSJR193",8/23/2001 13:00:00,1.00,"RR",90.00
"LPSJR193",8/23/2001 13:00:00,17.00,"NV",84.00
"LPSJR193",8/23/2001 13:00:00,38.00,"NV",103.00
"LPSJR193",8/23/2001 13:00:00,87.00,"NV",127.00
"LPSJR431",8/23/2001 16:00:00,1.00,"RR",82.00
"LPSJR431",8/23/2001 16:00:00,1.00,"SH1",74.00
"LPSJR431",8/23/2001 16:00:00,1.00,"SH2",80.00
"LPSJR431",8/23/2001 16:00:00,12.00,"RR",97.00
"LPSJR431",8/23/2001 16:00:00,30.00,"RR",108.00
"LPSJR431",8/23/2001 16:00:00,53.00,"RR",118.00
"LPSJR796",8/24/2001 7:35:00,1.00,"SH",121.00
"LPCR1169",8/24/2001 14:00:00,1.00,"RR",108.00
"LPCR1169",8/24/2001 14:00:00,16.00,"SH",92.00
"LPCR1169",8/24/2001 14:00:00,50.00,"NV",121.00
"LPCR1169",8/24/2001 14:00:00,50.00,"SH",116.00
"LPCR1169",8/24/2001 14:00:00,100.00,"SH",113.00
"LPCR1724",8/25/2001 9:50:00,1.00,"SH1",103.00
"LPCR1724",8/25/2001 9:50:00,1.00,"SH2",101.00
"LPCR1724",8/25/2001 9:50:00,1.00,"UK1",111.00
"LPCR1724",8/25/2001 9:50:00,16.00,"UK1",106.00
"LPCR1724",8/25/2001 9:50:00,50.00,"BV",120.00
"LPCR1724",8/25/2001 9:50:00,91.00,"SH",138.00
"LPCR2085",8/25/2001 17:15:00,1.00,"SH",113.00
"LPCR2085",8/25/2001 17:15:00,13.00,"SH",116.00
"LPCR2085",8/25/2001 17:15:00,35.00,"SH",119.00
"LPCR2085",8/25/2001 17:15:00,65.00,"RR",141.00
"LPCR2387",8/26/2001 8:50:00,1.00,"SH",118.00
"LPCR2387",8/26/2001 8:50:00,13.00,"UK1",135.00
"LPCR2387",8/26/2001 8:50:00,20.00,"UK1",118.00
"LPCR2387",8/26/2001 8:50:00,32.00,"UK1",144.00
"LPCR2387",8/26/2001 8:50:00,51.00,"RR",137.00
"LPCR2626",8/26/2001 13:05:00,1.00,"NV",147.00
"LPESC119",8/27/2001 9:30:00,1.00,"SH",110.00
"LPESC119",8/27/2001 9:30:00,15.00,"RR",113.00
"LPESC119",8/27/2001 9:30:00,30.00,"RR",116.00
"LPESC119",8/27/2001 9:30:00,70.00,"RR",140.00
"LPESC325",8/27/2001 14:20:00,1.00,"UK1",125.00
"LPCR0453",8/27/2001 17:45:00,1.00,"RR",105.00
"LPCR0453",8/27/2001 17:45:00,1.00,"SH",103.00
"LPCR0453",8/27/2001 17:45:00,15.00,"SH",113.00
"LPCR0453",8/27/2001 17:45:00,40.00,"SH",128.00
"LPCR0453",8/27/2001 17:45:00,140.00,"SH",131.00
"LPNAV124",8/28/2001 8:15:00,1.00,"RR",112.00
"LPNAV124",8/28/2001 8:15:00,1.00,"SH",111.00
"LPNAV124",8/28/2001 8:15:00,15.00,"RR",114.00
"LPNAV124",8/28/2001 8:15:00,40.00,"RR",125.00
"LPNAV124",8/28/2001 8:15:00,79.00,"RR",131.00
"LPCR-249",8/28/2001 14:30:00,0.30,"NV",123.00
"LPCR0024",9/11/2001 11:00:00,1.00,"BV",112.00
"LPCR0024",9/11/2001 11:00:00,18.00,"BV",117.00
"LPCR0024",9/11/2001 11:00:00,44.00,"BV",122.00
"LPCR0024",9/11/2001 11:00:00,60.00,"BV",115.00
"LPCR0024",9/11/2001 11:00:00,140.00,"BV",137.00
"LPCR-249",9/11/2001 15:30:00,0.30,"SH",135.00
"LPCR0024",10/16/2001 9:50:00,1.00,"NV1",107.00
"LPCR0024",10/16/2001 9:50:00,1.00,"NV2",112.00
"LPCR0024",10/16/2001 9:50:00,38.00,"NV",120.00
"LPCR0024",10/16/2001 9:50:00,59.00,"SH",117.00
"LPCR0024",10/16/2001 9:50:00,90.00,"SH",136.00
"LPCR0024",10/16/2001 9:50:00,145.00,"SH",139.00
"LPCR0024",10/16/2001 9:50:00,145.00,"UK1",128.00
"LPCRDT06",10/16/2001 15:00:00,0.00,"SH",112.00
"LPCR-249",10/16/2001 17:30:00,0.00,"SH",114.00
"LPCR0024",11/13/2001 12:00:00,1.00,"NV",117.00
"LPCR0024",11/13/2001 12:00:00,25.00,"NV",116.00
"LPCR0024",11/13/2001 12:00:00,35.00,"NV",125.00
"LPCR0024",11/13/2001 12:00:00,58.00,"NV",122.00
"LPCR0024",11/13/2001 12:00:00,120.00,"NV",137.00
"LPCRDT06",11/13/2001 15:00:00,0.00,"NV",125.00
"LPCR-249",11/13/2001 17:10:00,0.00,"SH",110.00
"LPCR-249",11/29/2001 8:00:00,0.30,"NV",123.00
"LPCRDT06",11/29/2001 11:50:00,0.00,"UK1",116.00
"LPCR0024",11/29/2001 17:00:00,1.00,"SH",97.00
"LPCR0024",11/29/2001 17:00:00,35.00,"NV",103.00
"LPCR0024",11/29/2001 17:00:00,58.00,"RR",121.00
"LPCR0024",11/29/2001 17:00:00,120.00,"RR",124.00
"LPCR0453",11/30/2001 9:00:00,1.00,"NV",114.00
"LPCR0453",11/30/2001 9:00:00,1.00,"SH1",93.00
"LPCR0453",11/30/2001 9:00:00,1.00,"SH2",105.00
"LPCR0453",11/30/2001 9:00:00,35.00,"NV",123.00
"LPCR0453",11/30/2001 9:00:00,35.00,"RR",123.00
"LPCR0453",11/30/2001 9:00:00,35.00,"SH",103.00
"LPCR0453",11/30/2001 9:00:00,130.00,"SH",104.00
"LPSJR193",11/30/2001 13:05:00,1.00,"NV",97.00
"LPSJR193",11/30/2001 13:05:00,50.00,"NV",105.00
"LPSJR193",11/30/2001 13:05:00,85.00,"NV",121.00
"LPSJR431",12/1/2001 8:30:00,1.00,"NV",99.00
"LPSJR431",12/1/2001 8:30:00,36.00,"NV",112.00
"LPSJR431",12/1/2001 8:30:00,50.00,"NV",115.00
"LPSJR790",12/1/2001 12:00:00,1.00,"NV",125.00
"LPCR0905",12/1/2001 16:00:00,1.00,"SH",94.00
"LPCR0905",12/1/2001 16:00:00,40.00,"RR",113.00
"LPCR0905",12/1/2001 16:00:00,110.00,"RR",117.00
"LPCR1169",12/2/2001 11:30:00,1.00,"SH1",99.00
"LPCR1169",12/2/2001 11:30:00,1.00,"SH2",92.00
"LPCR1169",12/2/2001 11:30:00,35.00,"RR",118.00
"LPCR1169",12/2/2001 11:30:00,100.00,"RR",121.00
"LPCR1692",12/3/2001 8:00:00,1.00,"SH",109.00
"LPCR1692",12/3/2001 8:00:00,39.00,"RR",120.00
"LPCR1692",12/3/2001 8:00:00,48.00,"RR",118.00
"LPCR1692",12/3/2001 8:00:00,88.00,"RR",130.00
"LPCR2085",12/3/2001 12:10:00,1.00,"RR",113.00
"LPCR2085",12/3/2001 12:10:00,48.00,"RR",124.00
"LPCR2085",12/3/2001 12:10:00,70.00,"RR",135.00
"LPCR2387",12/3/2001 15:00:00,1.00,"SH",115.00
"LPCR2387",12/3/2001 15:00:00,40.00,"SH",123.00
"LPCR2387",12/3/2001 15:00:00,50.00,"SH",130.00
"LPCR2626",12/4/2001 9:30:00,2.00,"RR",146.00
"LPESC119",12/5/2001 9:10:00,1.00,"RR",108.00
"LPESC119",12/5/2001 9:10:00,30.00,"NV",114.00
"LPESC119",12/5/2001 9:10:00,35.00,"NV",115.00
"LPESC119",12/5/2001 9:10:00,69.00,"NV",141.00
"LPESC322",12/5/2001 12:50:00,0.20,"NV",118.00
"LPCRDT06",12/17/2001 9:15:00,0.00,"SH1",110.00
"LPCRDT06",12/17/2001 9:15:00,0.00,"SH2",114.00
"LPCR0024",12/17/2001 11:45:00,1.00,"SH",101.00
"LPCR0024",12/17/2001 11:45:00,40.00,"NV",118.00
"LPCR0024",12/17/2001 11:45:00,57.00,"NV",117.00
"LPCR0024",12/17/2001 11:45:00,110.00,"NV",125.00
"LPCR-249",12/17/2001 16:00:00,0.30,"NV",115.00
"LPCRDT06",1/16/2002 9:00:00,0.00,"NV",118.00
"LPCR0024",1/16/2002 12:15:00,1.00,"BV",118.00
"LPCR0024",1/16/2002 12:15:00,57.00,"BV",117.00
"LPCR0024",1/16/2002 12:15:00,100.00,"BV",130.00
"LPCR0024",1/16/2002 12:15:00,140.00,"BV",132.00
"LPCR-249",1/17/2002 9:45:00,0.30,"NV",120.00
"LPCR-249",2/28/2002 17:15:00,0.00,"NV",131.00
"LPCRDT06",3/1/2002 9:30:00,0.00,"NV",133.00
"LPCR0024",3/1/2002 12:15:00,1.00,"NK",113.00
"LPCR0024",3/1/2002 12:15:00,54.00,"NK",134.00
"LPCR0024",3/1/2002 12:15:00,80.00,"NK",134.00
"LPCR0024",3/1/2002 12:15:00,140.00,"NK",133.00
"LPCR0453",3/1/2002 15:50:00,1.00,"NK",112.00
"LPCR0453",3/1/2002 15:50:00,70.00,"UK1",129.00
"LPSJR193",3/2/2002 15:00:00,1.00,"UK1",125.00
"LPSJR193",3/2/2002 15:00:00,63.00,"UK1",117.00
"LPSJR193",3/2/2002 15:00:00,83.00,"UK1",140.00
"LPSJR431",3/3/2002 7:55:00,1.00,"UK1",105.00
"LPSJR431",3/3/2002 7:55:00,48.00,"UK1",111.00
"LPSJR740",3/3/2002 11:50:00,3.50,"UK1",126.00
"LPCR1169",3/4/2002 10:30:00,1.00,"NK",129.00
"LPCR1169",3/4/2002 10:30:00,56.00,"NK",143.00
"LPCR1169",3/4/2002 10:30:00,112.00,"NK",140.00
"LPCR1692",3/4/2002 16:25:00,1.00,"NK",124.00
"LPCR1692",3/4/2002 16:25:00,63.00,"NK",135.00
"LPCR1692",3/4/2002 16:25:00,87.00,"NK",143.00
"LPCR2085",3/5/2002 10:40:00,1.00,"UK1",122.00
"LPCR2085",3/5/2002 10:40:00,70.00,"UK1",143.00
"LPCR2387",3/5/2002 13:40:00,1.00,"BV",122.00
"LPCR2387",3/5/2002 13:40:00,46.00,"BV",136.00
"LPCR2550",3/5/2002 16:00:00,1.00,"UK1",163.00
"LPESC119",3/6/2002 12:50:00,1.00,"NK",128.00
"LPESC119",3/6/2002 12:50:00,67.00,"NK",146.00
"LPESC319",3/6/2002 15:35:00,1.00,"NV",135.00
"LPCR0024",4/1/2002 11:00:00,1.00,"NV",118.00
"LPCR0024",4/1/2002 11:00:00,54.00,"BV1",124.00
"LPCR0024",4/1/2002 11:00:00,54.00,"BV2",129.00
"LPCR0024",4/1/2002 11:00:00,54.00,"BV3",126.00
"LPCR0024",4/1/2002 11:00:00,64.00,"BV1",128.00
"LPCR0024",4/1/2002 11:00:00,64.00,"BV2",140.00
"LPCR0024",4/1/2002 11:00:00,64.00,"BV3",129.00
"LPCR0024",4/1/2002 11:00:00,64.00,"BV4",132.00
"LPCR0024",4/1/2002 11:00:00,140.00,"BV1",123.00
"LPCR0024",4/1/2002 11:00:00,140.00,"BV2",135.00
"LPCR0024",4/1/2002 11:00:00,140.00,"BV3",133.00
"LPCRDT04",4/1/2002 17:00:00,0.00,"NV",125.00
"LPCR-249",4/2/2002 14:00:00,0.00,"BV1",123.00
"LPCR-249",4/2/2002 14:00:00,0.00,"BV2",132.00
"LPCR-249",4/2/2002 14:00:00,0.00,"BV3",115.00
"LPCRDT07",4/30/2002 9:30:00,0.00,"NV",127.00
"LPCR-249",5/1/2002 9:15:00,0.00,"NV",134.00
"LPCRDT06",5/29/2002 16:15:00,0.00,"UK1",125.00
"LPCR-249",5/29/2002 18:30:00,0.30,"UK1",126.00
"LPCR0024",5/30/2002 11:00:00,1.00,"UK1",118.00
"LPCR0024",5/30/2002 11:00:00,10.00,"UK1",116.00
"LPCR0024",5/30/2002 11:00:00,53.00,"UK1",125.00
"LPCR0024",5/30/2002 11:00:00,130.00,"UK1",130.00
"LPCR0905",5/31/2002 11:00:00,1.00,"NK",125.00
"LPSJR431",5/31/2002 12:45:00,1.00,"NK",112.00
"LPSJR431",5/31/2002 12:45:00,45.00,"NK",115.00
"LPSJR193",6/1/2002 8:45:00,1.00,"NK",116.00
"LPSJR193",6/1/2002 8:45:00,80.00,"SR",129.00
"LPCR2387",6/2/2002 9:30:00,1.00,"UK1",119.00
"LPCR2387",6/2/2002 9:30:00,44.00,"UK1",133.00
"LPESC119",6/4/2002 10:45:00,1.00,"UK1",127.00
"LPESC119",6/4/2002 10:45:00,60.00,"UK1",134.00
"LPCR0453",6/4/2002 15:00:00,1.00,"NK",122.00
"LPCR0453",6/4/2002 15:00:00,130.00,"NK",137.00
"LPCRDT05",7/10/2002 14:30:00,0.00,"NV",137.00
"LPCR-249",7/10/2002 17:00:00,0.30,"NV",129.00
"LPCRDT04",8/6/2002 9:30:00,0.00,"NV",124.00
"LPCR-249",8/6/2002 12:30:00,0.30,"NV",124.00
"LPCR-249",8/21/2002 11:00:00,0.30,"UK1",118.00
"LPCRDT06",8/21/2002 15:30:00,0.00,"UK1",133.00
"LPCRDT06",8/21/2002 15:30:00,0.00,"UK2",130.00
"LPCR0024",8/22/2002 8:45:00,1.00,"CG",136.00
"LPCR0024",8/22/2002 8:45:00,35.00,"NV",117.00
"LPCR0024",8/22/2002 8:45:00,49.00,"NV",119.00
"LPCR0024",8/22/2002 8:45:00,130.00,"NV",133.00
"LPCR0453",8/22/2002 13:00:00,1.00,"UK1",108.00
"LPCR0453",8/22/2002 13:00:00,125.00,"UK1",121.00
"LPCR0905",8/23/2002 7:30:00,1.00,"CG",110.00
"LPCR0905",8/23/2002 7:30:00,1.00,"NT",99.00
"LPCR0905",8/23/2002 7:30:00,40.00,"CG",117.00
"LPCR0905",8/23/2002 7:30:00,110.00,"CG",113.00
"LPCR0905",8/23/2002 7:30:00,110.00,"NT",127.00
"LPSJR193",8/23/2002 11:00:00,1.00,"UK1",102.00
"LPSJR431",8/23/2002 13:30:00,1.00,"CG",100.00
"LPSJR431",8/23/2002 13:30:00,19.00,"NV",118.00
"LPSJR431",8/23/2002 13:30:00,40.00,"NV",115.00
"LPCR1169",8/24/2002 11:00:00,1.00,"CG",108.00
"LPCR1169",8/24/2002 11:00:00,20.00,"NT",118.00
"LPCR1169",8/24/2002 11:00:00,100.00,"RR",131.00
"LPESC119",8/24/2002 14:15:00,1.00,"NV",107.00
"LPESC119",8/24/2002 14:15:00,36.00,"CG",117.00
"LPESC119",8/24/2002 14:15:00,55.00,"CG",132.00
"LPCR1692",8/25/2002 11:00:00,1.00,"NT",108.00
"LPCR1692",8/25/2002 11:00:00,20.00,"RR",122.00
"LPCR1692",8/25/2002 11:00:00,50.00,"RR",121.00
"LPCR1692",8/25/2002 11:00:00,75.00,"RR",123.00
"LPCR2085",8/26/2002 8:00:00,1.00,"UK1",110.00
"LPCR2085",8/26/2002 8:00:00,60.00,"UK1",133.00
"LPCR2387",8/26/2002 11:00:00,1.00,"UK1",119.00
"LPCR0024",9/18/2002 11:00:00,1.00,"NT",127.00
"LPCR0024",9/18/2002 11:00:00,48.00,"NT",113.00
"LPCR0024",9/18/2002 11:00:00,75.00,"NV",124.00
"LPCR0024",9/18/2002 11:00:00,135.00,"NT",125.00
"LPCRDT06",9/19/2002 9:15:00,0.00,"NV",122.00
"LPCR-249",9/19/2002 14:45:00,0.30,"JF",135.00
"LPCR0024",10/16/2002 10:45:00,1.00,"JF",104.00
"LPCR0024",10/16/2002 10:45:00,47.00,"JF",112.00
"LPCR0024",10/16/2002 10:45:00,130.00,"JF",118.00
"LPCR-249",10/16/2002 17:10:00,0.30,"JF",114.00
"LPCRDT06",10/17/2002 9:00:00,0.00,"JF",115.00
"LPCR0024",11/13/2002 11:00:00,1.00,"NT",108.00
"LPCR0024",11/13/2002 11:00:00,47.00,"JF",107.00
"LPCRDT05",11/14/2002 9:15:00,0.00,"JF",111.00
"LPCR-249",11/14/2002 11:30:00,0.30,"JF",110.00
"LPCRDT05",12/6/2002 14:00:00,0.00,"NT",121.00
"LPCR0024",12/7/2002 10:30:00,1.00,"JF",119.00
"LPCR0024",12/7/2002 10:30:00,46.00,"JF",1115.00
"LPCR0024",12/7/2002 10:30:00,130.00,"JF",133.00
"LPCR0453",12/7/2002 14:30:00,1.00,"RR",112.00
"LPCR0453",12/7/2002 14:30:00,125.00,"MA",132.00
"LPCR0905",12/8/2002 9:15:00,1.00,"JF",114.00
"LPCR0905",12/8/2002 9:15:00,110.00,"MA",129.00
"LPSJR193",12/8/2002 13:00:00,1.00,"MA",114.00
"LPSJR193",12/8/2002 13:00:00,70.00,"MA",125.00
"LPSJR431",12/8/2002 15:30:00,1.00,"RR",110.00
"LPSJR431",12/8/2002 15:30:00,38.00,"MA",115.00
"LPCR1169",12/9/2002 16:00:00,1.00,"NT",119.00
"LPCR1169",12/9/2002 16:00:00,100.00,"NT",132.00
"LPCR1692",12/10/2002 10:00:00,1.00,"UK1",122.00
"LPCR1692",12/10/2002 10:00:00,75.00,"UK1",131.00
"LPCR2085",12/10/2002 16:15:00,1.00,"NT",121.00
"LPCR2085",12/10/2002 16:15:00,60.00,"NV",137.00
"LPCR2387",12/11/2002 9:30:00,1.00,"RR",136.00
"LPCR2387",12/11/2002 9:30:00,27.00,"NT",136.00
"LPCR2387",12/11/2002 9:30:00,36.00,"RR",144.00
"LPCR2487",12/11/2002 12:00:00,0.10,"NV",160.00
"LPESC282",12/12/2002 8:30:00,0.10,"NT",118.00
"LPESC119",12/12/2002 11:45:00,1.00,"UK1",125.00
"LPCRDT06",1/16/2003 10:30:00,0.00,"NV",118.00
"LPCR-249",1/16/2003 12:45:00,0.30,"NV",125.00
"LPCR0024",1/17/2003 10:00:00,1.00,"NT",113.00
"LPCR0024",1/17/2003 10:00:00,45.00,"NV",123.00
"LPCR0024",1/17/2003 10:00:00,130.00,"NV",133.00
"LPCR0024",2/4/2003 11:15:00,1.00,"NT",114.00
"LPCR0024",2/4/2003 11:15:00,44.00,"NT",118.00
"LPCR0024",2/4/2003 11:15:00,130.00,"NV",132.00
"LPCR-249",2/4/2003 15:45:00,0.30,"NT",121.00
"LPCRDT06",2/5/2003 9:00:00,0.00,"NV",131.00
"LPCRDT04",3/5/2003 14:15:00,0.00,"NV",132.00
"LPCR-249",3/5/2003 16:15:00,0.30,"NV",124.00
"LPCR0024",3/6/2003 10:30:00,1.00,"NT",114.00
"LPCR0024",3/6/2003 10:30:00,43.00,"UK1",125.00
"LPCR0024",3/6/2003 10:30:00,64.00,"UK1",128.00
"LPCR0024",3/6/2003 10:30:00,128.00,"UK1",134.00
"LPCR0453",3/6/2003 15:15:00,1.00,"NT",114.00
"LPCR0453",3/6/2003 15:15:00,50.00,"NV",129.00
"LPCR0453",3/6/2003 15:15:00,124.00,"NT",128.00
"LPCR0905",3/7/2003 8:30:00,1.00,"NT",111.00
"LPCR0905",3/7/2003 8:30:00,55.00,"NV",134.00
"LPCR0905",3/7/2003 8:30:00,105.00,"NV",132.00
"LPSJR193",3/7/2003 12:00:00,1.00,"UK1",116.00
"LPSJR193",3/7/2003 12:00:00,50.00,"UK1",111.00
"LPSJR193",3/7/2003 12:00:00,70.00,"UK1",129.00
"LPSJR431",3/7/2003 14:30:00,1.00,"NT",111.00
"LPSJR431",3/7/2003 14:30:00,30.00,"NT",113.00
"LPSJR431",3/7/2003 14:30:00,36.00,"NT",122.00
"LPCR1169",3/8/2003 9:30:00,1.00,"NT",119.00
"LPCR1169",3/8/2003 9:30:00,55.00,"NV",101.00
"LPCR1169",3/8/2003 9:30:00,100.00,"NV",103.00
"LPCR1679",3/8/2003 14:30:00,1.00,"RR",91.00
"LPCR1679",3/8/2003 14:30:00,78.00,"RR",104.00
"LPCR2085",3/9/2003 8:30:00,1.00,"NV",101.00
"LPCR2085",3/9/2003 8:30:00,45.00,"NT",101.00
"LPCR2085",3/9/2003 8:30:00,59.00,"NT",106.00
"LPCR2387",3/9/2003 11:00:00,1.00,"RR",94.00
"LPCR2387",3/9/2003 11:00:00,34.00,"UK1",113.00
"LPESC119",3/10/2003 14:30:00,1.00,"NT",101.00
"LPESC119",3/10/2003 14:30:00,25.00,"NV",98.00
"LPESC119",3/10/2003 14:30:00,54.00,"NV",107.00
"LPCR0024",4/1/2003 11:00:00,1.00,"NV",126.00
"LPCR0024",4/1/2003 11:00:00,42.00,"NT",134.00
"LPCR0024",4/1/2003 11:00:00,128.00,"NV",143.00
"LPCRDT06",4/2/2003 9:30:00,0.00,"NV",130.00
"LPCR-249",4/2/2003 12:15:00,0.30,"NT",133.00
"LPCR0024",5/28/2003 15:15:00,1.00,"NT",123.00
"LPCR0024",5/28/2003 15:15:00,42.00,"NV",134.00
"LPCR0024",5/28/2003 15:15:00,128.00,"NV",136.00
"LPCRDT03",5/29/2003 9:00:00,0.00,"NV",132.00
"LPCR-249",5/29/2003 11:15:00,0.30,"NV",123.00
"LPCR-249",6/18/2003 7:15:00,0.30,"NT",121.00
"LPCRDT05",6/18/2003 11:15:00,0.00,"NT",116.00
"LPCR0024",6/18/2003 13:45:00,1.00,"NT",124.00
"LPCR0024",6/18/2003 13:45:00,11.00,"NT",111.00
"LPCR0024",6/18/2003 13:45:00,44.00,"NV",117.00
"LPCR0024",6/18/2003 13:45:00,130.00,"NT",139.00
"LPCR0453",6/19/2003 7:00:00,1.00,"NT1",121.00
"LPCR0453",6/19/2003 7:00:00,1.00,"NT2",122.00
"LPCR0453",6/19/2003 7:00:00,1.00,"NT3",119.00
"LPCR0453",6/19/2003 7:00:00,125.00,"NT",130.00
"LPCR0905",6/19/2003 11:00:00,1.00,"NV",124.00
"LPCR0905",6/19/2003 11:00:00,108.00,"NT",132.00
"LPSJR193",6/19/2003 14:00:00,1.00,"NT",111.00
"LPSJR193",6/19/2003 14:00:00,72.00,"NT",131.00
"LPSJR431",6/19/2003 16:15:00,1.00,"NT",85.00
"LPSJR431",6/19/2003 16:15:00,9.00,"RR",79.00
"LPSJR431",6/19/2003 16:15:00,22.00,"RR",116.00
"LPSJR431",6/19/2003 16:15:00,38.00,"RR",134.00
"LPSJR665",6/20/2003 8:30:00,0.50,"UK1",113.00
"LPCR1169",6/20/2003 15:30:00,1.00,"UK1",105.00
"LPCR1169",6/20/2003 15:30:00,14.00,"UK1",103.00
"LPCR1169",6/20/2003 15:30:00,102.00,"UK1",135.00
"LPCR1692",6/21/2003 11:30:00,1.00,"UK1",108.00
"LPCR1692",6/21/2003 11:30:00,12.00,"UK1",88.00
"LPCR1692",6/21/2003 11:30:00,79.00,"UK1",120.00
"LPCR2085",6/21/2003 17:30:00,1.00,"JG",94.00
"LPCR2085",6/21/2003 17:30:00,16.00,"NT",95.00
"LPCR2085",6/21/2003 17:30:00,30.00,"UK1",124.00
"LPCR2085",6/21/2003 17:30:00,59.00,"UK1",135.00
"LPCR2387",6/22/2003 9:15:00,1.00,"JG",92.00
"LPCR2387",6/22/2003 9:15:00,32.00,"NT",128.00
"LPESC119",6/23/2003 9:30:00,1.00,"NT",117.00
"LPESC119",6/23/2003 9:30:00,11.00,"NV",114.00
"LPESC285",6/23/2003 12:15:00,1.00,"NV",135.00
"LPCRDT06",7/16/2003 11:45:00,0.00,"NV",119.00
"LPCR-249",7/16/2003 14:45:00,0.30,"NV",116.00
"LPCR0024",7/17/2003 12:00:00,1.00,"JG",107.00
"LPCR0024",7/17/2003 12:00:00,44.00,"NT",116.00
"LPCR0024",7/17/2003 12:00:00,130.00,"JG",127.00
"LPCRDT06",8/6/2003 10:00:00,0.00,"NV",113.00
"LPCR-249",8/6/2003 13:15:00,0.30,"JG",105.00
"LPCR0024",8/7/2003 9:30:00,1.00,"NV",105.00
"LPCR0024",8/7/2003 9:30:00,11.00,"JG",98.00
"LPCR0024",8/7/2003 9:30:00,43.00,"JG",107.00
"LPCR0024",8/7/2003 9:30:00,128.00,"JG",127.00
"LPCRDT04",9/3/2003 13:00:00,0.00,"JG",129.00
"LPCR-249",9/3/2003 15:30:00,0.30,"JG",123.00
"LPCR0024",9/4/2003 11:00:00,1.00,"JG",122.00
"LPCR0024",9/4/2003 11:00:00,13.00,"JG",121.00
"LPCR0024",9/4/2003 11:00:00,41.00,"JG",128.00
"LPCR0024",9/4/2003 11:00:00,125.00,"JG",140.00
"LPCR0453",9/4/2003 15:30:00,1.00,"JG",108.00
"LPCR0453",9/4/2003 15:30:00,16.00,"NV",108.00
"LPCR0453",9/4/2003 15:30:00,120.00,"NV",141.00
"LPCR0905",9/5/2003 7:30:00,1.00,"JG",110.00
"LPCR0905",9/5/2003 7:30:00,15.00,"RR",99.00
"LPCR0905",9/5/2003 7:30:00,103.00,"RR",138.00
"LPSJR193",9/5/2003 11:00:00,1.00,"UK1",96.00
"LPSJR193",9/5/2003 11:00:00,67.00,"RR",135.00
"LPSJR431",9/5/2003 14:00:00,1.00,"UK1",101.00
"LPSJR431",9/5/2003 14:00:00,14.00,"UK1",117.00
"LPSJR431",9/5/2003 14:00:00,34.00,"UK1",149.00
"LPCR1169",9/6/2003 11:30:00,1.00,"RR",97.00
"LPCR1169",9/6/2003 11:30:00,15.00,"RR",99.00
"LPCR1169",9/6/2003 11:30:00,98.00,"RR",135.00
"LPCR1679",9/7/2003 9:00:00,1.00,"UK1",95.00
"LPCR1679",9/7/2003 9:00:00,18.00,"UK1",107.00
"LPCR1679",9/7/2003 9:00:00,74.00,"UK1",139.00
"LPCR2085",9/7/2003 15:30:00,1.00,"JG",109.00
"LPCR2085",9/7/2003 15:30:00,14.00,"CC",114.00
"LPCR2085",9/7/2003 15:30:00,20.00,"CC",103.00
"LPCR2085",9/7/2003 15:30:00,55.00,"JG",143.00
"LPCR2387",9/8/2003 7:30:00,1.00,"NV1",129.00
"LPCR2387",9/8/2003 7:30:00,1.00,"NV2",131.00
"LPCR2387",9/8/2003 7:30:00,16.00,"CC",129.00
"LPCR2387",9/8/2003 7:30:00,23.00,"CC",139.00
"LPCR2460",9/8/2003 10:15:00,0.50,"JG",137.00
"LPESC119",9/9/2003 7:00:00,1.00,"JG",104.00
"LPESC119",9/9/2003 7:00:00,35.00,"CC",130.00
"LPESC119",9/9/2003 7:00:00,51.00,"CC",147.00
"LPESC276",9/9/2003 9:45:00,0.00,"CC",94.00
"LPCR0024",9/30/2003 11:00:00,1.00,"NV",121.00
"LPCR0024",9/30/2003 11:00:00,20.00,"JG",121.00
"LPCR0024",9/30/2003 11:00:00,41.00,"NV",128.00
"LPCR0024",9/30/2003 11:00:00,127.00,"JG",146.00
"LPCRDT02",10/1/2003 9:30:00,0.00,"JG",136.00
"LPCRDT02",10/1/2003 9:30:00,0.00,"NV",131.00
"LPCR-249",10/1/2003 13:00:00,0.30,"JG",126.00
"LPCR0024",10/22/2003 9:30:00,1.00,"JG",123.00
"LPCR0024",10/22/2003 9:30:00,22.00,"JG",124.00
"LPCR0024",10/22/2003 9:30:00,41.00,"JG",127.00
"LPCR0024",10/22/2003 9:30:00,125.00,"JG",146.00
"LPCR-249",10/22/2003 15:30:00,0.30,"JG",128.00
"LPCR-249",11/19/2003 9:00:00,0.30,"NV",131.00
"LPCRDT04",11/19/2003 11:30:00,0.00,"JG",128.00
"LPCR0024",11/19/2003 14:00:00,1.00,"NV",120.00
"LPCR0024",11/19/2003 14:00:00,40.00,"JG",124.00
"LPCR0024",11/19/2003 14:00:00,125.00,"NV",138.00
"LPCRDT02",12/2/2003 14:30:00,0.00,"NV",122.00
"LPCR-249",12/2/2003 16:30:00,0.30,"JG",117.00
"LPCR0024",12/3/2003 12:00:00,1.00,"JG",119.00
"LPCR0024",12/3/2003 12:00:00,39.00,"JG",118.00
"LPCR0024",12/3/2003 12:00:00,120.00,"JG",134.00
"LPCR0453",12/3/2003 15:00:00,1.00,"NV",112.00
"LPCR0453",12/3/2003 15:00:00,120.00,"JG",131.00
"LPCR0905",12/4/2003 9:00:00,1.00,"JG",116.00
"LPCR0905",12/4/2003 9:00:00,100.00,"NV",130.00
"LPSJR193",12/4/2003 12:00:00,1.00,"NV1",110.00
"LPSJR193",12/4/2003 12:00:00,1.00,"NV2",121.00
"LPSJR193",12/4/2003 12:00:00,1.00,"NV3",117.00
"LPSJR193",12/4/2003 12:00:00,65.00,"NV",141.00
"LPSJR431",12/4/2003 14:30:00,1.00,"JG",116.00
"LPSJR431",12/4/2003 14:30:00,33.00,"JG",124.00
"LPCR1169",12/5/2003 10:30:00,1.00,"NV1",121.00
"LPCR1169",12/5/2003 10:30:00,1.00,"NV2",125.00
"LPCR1169",12/5/2003 10:30:00,95.00,"NV",148.00
"LPCR1692",12/5/2003 15:00:00,1.00,"JG",129.00
"LPCR1692",12/5/2003 15:00:00,73.00,"NV",145.00
"LPCR2085",12/6/2003 12:00:00,1.00,"JG",131.00
"LPCR2085",12/6/2003 12:00:00,54.00,"JG",141.00
"LPCR2387",12/6/2003 14:00:00,1.00,"JG",135.00
"LPCR2387",12/6/2003 14:00:00,27.00,"JG",144.00
"LPCR2460",12/6/2003 15:15:00,0.00,"JG",173.00
"LPESC119",12/7/2003 15:00:00,1.00,"JG",126.00
"LPESC119",12/7/2003 15:00:00,50.00,"NV",163.00
"LPESC276",12/7/2003 17:00:00,0.00,"NV",123.00
"LPCR0024",1/8/2004 12:00:00,1.00,"NV",120.00
"LPCR0024",1/8/2004 12:00:00,38.00,"JG",135.00
"LPCR0024",1/8/2004 12:00:00,125.00,"JG",144.00
"LPCRDT02",1/9/2004 9:30:00,0.00,"JG",139.00
"LPCR-249",1/9/2004 12:15:00,0.30,"JG",132.00
"LPCR-249",2/4/2004 12:00:00,0.30,"NV",138.00
"LPCRDT01",2/4/2004 15:00:00,0.00,"JG",136.00
"LPCR0024",2/5/2004 11:15:00,1.00,"NV1",125.00
"LPCR0024",2/5/2004 11:15:00,1.00,"NV2",122.00
"LPCR0024",2/5/2004 11:15:00,37.00,"NV",131.00
"LPCR0024",2/5/2004 11:15:00,117.00,"JG",135.00
"LPCRDT03",3/11/2004 8:15:00,0.00,"NV",126.00
"LPCR0024",3/11/2004 15:50:00,1.00,"RR",125.00
"LPCR0024",3/11/2004 15:50:00,35.00,"NV",124.00
"LPCR0024",3/11/2004 15:50:00,65.00,"NV",147.00
"LPCR0024",3/11/2004 15:50:00,121.00,"NV",133.00
"LPCR0453",3/12/2004 8:15:00,1.00,"NV",134.00
"LPCR0453",3/12/2004 8:15:00,60.00,"NV",132.00
"LPCR0453",3/12/2004 8:15:00,115.00,"UK1",142.00
"LPCR0905",3/12/2004 13:30:00,1.00,"RR",125.00
"LPCR0905",3/12/2004 13:30:00,98.00,"NV",128.00
"LPSJR193",3/12/2004 16:30:00,1.00,"RR",138.00
"LPSJR193",3/12/2004 16:30:00,61.00,"NV",128.00
"LPSJR431",3/13/2004 10:30:00,1.00,"RR",121.00
"LPSJR431",3/13/2004 10:30:00,28.50,"RR",133.00
"LPCR1169",3/13/2004 14:30:00,1.00,"UK1",133.00
"LPCR1169",3/13/2004 14:30:00,92.00,"JG",140.00
"LPCR1692",3/14/2004 14:45:00,1.00,"RR",135.00
"LPCR1692",3/14/2004 14:45:00,70.00,"RR",138.00
"LPCR2085",3/15/2004 8:15:00,1.00,"JG",132.00
"LPCR2085",3/15/2004 8:15:00,51.00,"JG",143.00
"LPCR2387",3/15/2004 10:45:00,1.00,"JG",153.00
"LPCR2387",3/15/2004 10:45:00,24.00,"RR",144.00
"LPESC119",3/16/2004 12:15:00,1.00,"JG",126.00
"LPESC119",3/16/2004 12:15:00,46.00,"RR",127.00
"LPCR-249",3/17/2004 13:00:00,0.30,"JG",133.00
"LPCR-249",4/7/2004 8:30:00,0.30,"NV",133.00
"LPCRDT06",4/7/2004 12:30:00,0.00,"NV",130.00
"LPCR0024",4/7/2004 14:30:00,1.00,"JG",121.00
"LPCR0024",4/7/2004 14:30:00,34.00,"NV",129.00
"LPCR0024",4/7/2004 14:30:00,50.00,"NV",135.00
"LPCR0024",4/7/2004 14:30:00,120.00,"JG",135.00
"LPCR0024",5/3/2004 10:30:00,1.00,"NV",126.00
"LPCR0024",5/3/2004 10:30:00,34.00,"NV",136.00
"LPCR0024",5/3/2004 10:30:00,55.00,"NV",145.00
"LPCR0024",5/3/2004 10:30:00,120.00,"NV",143.00
"LPCR-249",5/3/2004 18:30:00,0.30,"JG",127.00
"LPCRDT07",5/4/2004 9:00:00,0.00,"JG",135.00
"LPCRDT05",6/4/2004 9:15:00,0.00,"JG",134.00
"LPCR0024",6/4/2004 13:30:00,1.00,"JG",124.00
"LPCR0024",6/4/2004 13:30:00,36.00,"NV",128.00
"LPCR0024",6/4/2004 13:30:00,120.00,"NV",134.00
"LPCR0453",6/4/2004 18:00:00,1.00,"JG",125.00
"LPCR0453",6/4/2004 18:00:00,115.00,"NV",138.00
"LPCR0905",6/5/2004 9:30:00,1.00,"JG",127.00
"LPCR0905",6/5/2004 9:30:00,95.00,"KB",133.00
"LPSJR193",6/5/2004 13:00:00,1.00,"NV",108.00
"LPSJR193",6/5/2004 13:00:00,60.00,"JG",138.00
"LPSJR431",6/5/2004 16:00:00,1.00,"KB",76.00
"LPSJR431",6/5/2004 16:00:00,1.00,"NV",80.00
"LPSJR431",6/5/2004 16:00:00,26.00,"NV",123.00
"LPCR1169",6/6/2004 12:00:00,1.00,"JG",129.00
"LPCR1169",6/6/2004 12:00:00,90.00,"NV",140.00
"LPCR1692",6/6/2004 17:30:00,1.00,"JG",114.00
"LPCR1692",6/6/2004 17:30:00,69.00,"NV",143.00
"LPCR2085",6/7/2004 11:00:00,1.00,"RR",106.00
"LPCR2085",6/7/2004 11:00:00,10.00,"RR",103.00
"LPCR2085",6/7/2004 11:00:00,48.00,"RR",137.00
"LPCR2387",6/7/2004 14:30:00,1.00,"JG",109.00
"LPCR2387",6/7/2004 14:30:00,22.00,"NV",118.00
"LPESC119",6/8/2004 11:00:00,1.00,"RR",119.00
"LPESC119",6/8/2004 11:00:00,10.00,"NV",118.00
"LPESC119",6/8/2004 11:00:00,28.00,"NV",138.00
"LPESC119",6/8/2004 11:00:00,45.00,"NV",132.00
"LPESC248",6/8/2004 14:00:00,0.00,"JG",136.00
"LPCR-249",6/9/2004 13:00:00,0.30,"JG",129.00
"LPCR-249",6/30/2004 10:30:00,0.30,"NV",137.00
"LPCRDT04",6/30/2004 14:30:00,0.00,"UK1",128.00
"LPCR0024",7/1/2004 10:30:00,1.00,"JG",121.00
"LPCR0024",7/1/2004 10:30:00,35.00,"NV",123.00
"LPCR0024",7/1/2004 10:30:00,121.00,"NV",141.00
"LPCRDT06",8/2/2004 13:30:00,0.00,"JG",127.00
"LPCR-249",8/2/2004 15:30:00,0.30,"JG",126.00
"LPCR0024",8/26/2004 11:00:00,1.00,"JG",119.00
"LPCR0024",8/26/2004 11:00:00,32.00,"JG",121.00
"LPCR0024",8/26/2004 11:00:00,117.00,"JG",135.00
"LPCRDT06",9/9/2004 11:00:00,0.00,"JG",124.00
"LPCR0024",9/9/2004 14:45:00,1.00,"JG",113.00
"LPCR0024",9/9/2004 14:45:00,31.00,"RR",112.00
"LPCR0024",9/9/2004 14:45:00,115.00,"NV",139.00
"LPCR0453",9/10/2004 7:15:00,1.00,"JG",107.00
"LPCR0453",9/10/2004 7:15:00,19.00,"NV",114.00
"LPCR0453",9/10/2004 7:15:00,110.00,"NV",139.00
"LPCR0905",9/10/2004 12:00:00,1.00,"JG",105.00
"LPCR0905",9/10/2004 12:00:00,22.00,"JG",115.00
"LPCR0905",9/10/2004 12:00:00,93.00,"NV",127.00
"LPSJR193",9/10/2004 16:00:00,1.00,"NV",96.00
"LPSJR193",9/10/2004 16:00:00,19.00,"NV",104.00
"LPSJR193",9/10/2004 16:00:00,56.00,"NV",131.00
"LPSJR431",9/11/2004 7:30:00,1.00,"NV",92.00
"LPSJR431",9/11/2004 7:30:00,17.00,"NV",103.00
"LPSJR431",9/11/2004 7:30:00,22.00,"NV",117.00
"LPCR1169",9/11/2004 13:00:00,1.00,"RR",103.00
"LPCR1169",9/11/2004 13:00:00,19.00,"NV",107.00
"LPCR1169",9/11/2004 13:00:00,87.00,"NV",124.00
"LPCR1679",9/12/2004 8:00:00,1.00,"RR",110.00
"LPCR1679",9/12/2004 8:00:00,23.00,"NV",121.00
"LPCR1679",9/12/2004 8:00:00,63.00,"NV",131.00
"LPCR2085",9/12/2004 15:30:00,1.00,"JG",113.00
"LPCR2085",9/12/2004 15:30:00,45.00,"JG",137.00
"LPCR2387",9/13/2004 8:00:00,1.00,"JG",139.00
"LPCR2387",9/13/2004 8:00:00,16.00,"NV",143.00
"LPESC119",9/14/2004 9:00:00,1.00,"RR",110.00
"LPESC119",9/14/2004 9:00:00,22.00,"JG",125.00
"LPCR-249",9/15/2004 8:45:00,0.30,"JG",128.00
"LPCR-249",10/5/2004 10:30:00,0.30,"JG",135.00
"LPCRDT06",10/5/2004 14:00:00,0.00,"JG",126.00
"LPCR0024",10/6/2004 10:00:00,1.00,"JG",121.00
"LPCR0024",10/6/2004 10:00:00,31.00,"UK1",125.00
"LPCR0024",10/6/2004 10:00:00,116.00,"JG",142.00
"LPCR0024",11/4/2004 11:30:00,1.00,"UK1",114.00
"LPCRDT05",11/5/2004 9:30:00,0.00,"JG",126.00
"LPCR-249",11/5/2004 12:00:00,0.30,"JG",121.00
"LPCR0024",11/19/2004 13:00:00,1.00,"BV1",116.00
"LPCR0024",11/19/2004 13:00:00,1.00,"BV2",109.00
"LPCR0024",11/19/2004 13:00:00,30.00,"BV",115.00
"LPCR0024",11/19/2004 13:00:00,60.00,"BV",134.00
"LPCR0024",11/19/2004 13:00:00,115.00,"BV",138.00
"LPCRRFG2",11/23/2004 12:50:00,0.00,"SH",112.00
"LPCRDT06",11/23/2004 14:20:00,0.00,"SH",109.00
"LPCR0024",12/3/2004 14:00:00,1.00,"SH",108.00
"LPCR0024",12/3/2004 14:00:00,30.00,"RR",105.00
"LPCR0024",12/3/2004 14:00:00,60.00,"RR",125.00
"LPCR0024",12/3/2004 14:00:00,116.00,"RR",128.00
"LPCR0453",12/3/2004 16:30:00,1.00,"JG",106.00
"LPCR0453",12/3/2004 16:30:00,45.00,"JG",110.00
"LPCR0453",12/3/2004 16:30:00,110.00,"JG",126.00
"LPCR0905",12/4/2004 12:00:00,1.00,"JG",110.00
"LPCR0905",12/4/2004 12:00:00,37.00,"JG",121.00
"LPCR0905",12/4/2004 12:00:00,92.00,"JG",131.00
"LPSJR193",12/4/2004 13:30:00,1.00,"JG",112.00
"LPSJR193",12/4/2004 13:30:00,34.00,"JG",127.00
"LPSJR193",12/4/2004 13:30:00,55.00,"SH",134.00
"LPSJR431",12/5/2004 8:00:00,1.00,"JG",110.00
"LPSJR431",12/5/2004 8:00:00,21.00,"JG",129.00
"LPSJR535",12/5/2004 10:00:00,1.00,"SH",141.00
"LPCR1169",12/5/2004 13:30:00,1.00,"JG",130.00
"LPCR1169",12/5/2004 13:30:00,31.00,"JG",146.00
"LPCR1169",12/5/2004 13:30:00,80.00,"JG",138.00
"LPCR1679",12/6/2004 8:15:00,1.00,"JG",132.00
"LPCR1679",12/6/2004 8:15:00,40.00,"SH",139.00
"LPCR1679",12/6/2004 8:15:00,60.00,"JG",140.00
"LPCR2085",12/6/2004 15:30:00,1.00,"JG",133.00
"LPCR2085",12/6/2004 15:30:00,40.00,"JG",153.00
"LPCR2387",12/7/2004 9:15:00,1.00,"JG",141.00
"LPCR2387",12/7/2004 9:15:00,12.00,"SH",153.00
"LPCR2417",12/7/2004 10:15:00,1.00,"JG",199.00
"LPESC119",12/8/2004 10:00:00,1.00,"JG",123.00
"LPESC119",12/8/2004 10:00:00,38.00,"JG",121.00
"LPCRRFG2",12/8/2004 17:00:00,0.00,"JG",134.00
"LPCRDT06",12/8/2004 17:55:00,0.00,"JG",130.00
"LPCR-249",12/9/2004 10:00:00,0.20,"SH",124.00
"LPCR-249",1/12/2005 16:30:00,0.30,"SH",124.00
"LPCRDT03",1/12/2005 20:00:00,0.00,"SH",132.00
"LPCR0024",1/13/2005 10:00:00,1.00,"JG",126.00
"LPCR0024",1/13/2005 10:00:00,29.00,"JG",138.00
"LPCR0024",1/13/2005 10:00:00,58.00,"JG",139.00
"LPCR0024",1/13/2005 10:00:00,113.00,"JG",141.00
"LPCR0024",2/10/2005 11:30:00,1.00,"JG",120.00
"LPCR0024",2/10/2005 11:30:00,28.00,"JG",134.00
"LPCR0024",2/10/2005 11:30:00,110.00,"SH",133.00
"LPCRDT03",2/10/2005 14:50:00,0.00,"JG",133.00
"LPCR-249",2/11/2005 12:00:00,0.30,"SH",121.00
"LPCRDT03",3/2/2005 10:00:00,0.00,"JG",120.00
"LPCR0024",3/2/2005 14:00:00,1.00,"JG",124.00
"LPCR0024",3/2/2005 14:00:00,28.00,"RR",135.00
"LPCR0024",3/2/2005 14:00:00,80.00,"RR",142.00
"LPCR0024",3/2/2005 14:00:00,113.00,"RR",139.00
"LPCR0453",3/3/2005 9:15:00,1.00,"JG",115.00
"LPCR0453",3/3/2005 9:15:00,28.00,"JG",132.00
"LPCR0453",3/3/2005 9:15:00,105.00,"JG",141.00
"LPCR0905",3/3/2005 12:30:00,1.00,"JG",127.00
"LPCR0905",3/3/2005 12:30:00,40.00,"RR",133.00
"LPCR0905",3/3/2005 12:30:00,80.00,"RR",143.00
"LPSJR193",3/3/2005 15:20:00,1.00,"JG",116.00
"LPSJR193",3/3/2005 15:20:00,40.00,"JG",129.00
"LPSJR431",3/4/2005 9:00:00,1.00,"JG",121.00
"LPSJR431",3/4/2005 9:00:00,15.00,"JG",135.00
"LPCR1169",3/4/2005 13:05:00,1.00,"SH",122.00
"LPCR1169",3/4/2005 13:05:00,35.00,"SH",131.00
"LPCR1169",3/4/2005 13:05:00,80.00,"SH",134.00
"LPCR1679",3/5/2005 10:00:00,1.00,"JG",131.00
"LPCR1679",3/5/2005 10:00:00,50.00,"RR",146.00
"LPCR2085",3/5/2005 15:00:00,1.00,"RR",131.00
"LPCR2085",3/5/2005 15:00:00,35.00,"SH",148.00
"LPCR2387",3/6/2005 8:00:00,1.00,"RR",140.00
"LPESC119",3/6/2005 16:20:00,1.00,"JG",124.00
"LPESC119",3/6/2005 16:20:00,15.00,"JG",141.00
"LPESC119",3/6/2005 16:20:00,32.00,"JG",134.00
"LPESC226",3/7/2005 9:00:00,2.00,"SH",126.00
"LPCR-249",3/8/2005 9:25:00,0.30,"SH",126.00
"LPCR-249",4/5/2005 10:15:00,0.30,"JG",129.00
"LPCRDT07",4/5/2005 12:30:00,0.00,"JG1",128.00
"LPCRDT07",4/5/2005 12:30:00,0.00,"JG2",130.00
"LPCR0024",4/5/2005 15:00:00,1.00,"SH",118.00
"LPCR0024",4/5/2005 15:00:00,26.00,"RR",138.00
"LPCR0024",4/5/2005 15:00:00,110.00,"RR",137.00
"LPCR-249",5/4/2005 10:30:00,0.30,"JJAG",131.00
"LPCRDT07",5/4/2005 12:45:00,0.00,"SH",124.00
"LPCR0024",5/4/2005 15:00:00,1.00,"SH",127.00
"LPCR0024",5/4/2005 15:00:00,29.00,"JJAG",129.00
"LPCR0024",5/4/2005 15:00:00,44.00,"JJAG",133.00
"LPCR0024",5/4/2005 15:00:00,100.00,"JJAG",137.00
"LPCR-249",6/3/2005 10:20:00,0.30,"DN",120.00
"LPCRDT07",6/3/2005 12:00:00,0.00,"SH",125.00
"LPCR0024",6/4/2005 10:25:00,1.00,"RR",124.00
"LPCR0024",6/4/2005 10:25:00,36.00,"SH",133.00
"LPCR0024",6/4/2005 10:25:00,57.00,"DN",133.00
"LPCR0024",6/4/2005 10:25:00,120.00,"DN",134.00
"LPCR0453",6/4/2005 16:00:00,1.00,"DN",115.00
"LPCR0453",6/4/2005 16:00:00,61.00,"DN",130.00
"LPCR0453",6/4/2005 16:00:00,115.00,"UK1",142.00
"LPCR0905",6/5/2005 7:30:00,1.00,"DN",138.00
"LPCR0905",6/5/2005 7:30:00,15.00,"SH",101.00
"LPCR0905",6/5/2005 7:30:00,95.00,"DN",140.00
"LPSJR193",6/5/2005 10:50:00,1.00,"DN",85.00
"LPSJR193",6/5/2005 10:50:00,15.00,"DN",86.00
"LPSJR193",6/5/2005 10:50:00,58.00,"DN",135.00
"LPSJR431",6/5/2005 13:35:00,1.00,"DN",84.00
"LPCR1169",6/5/2005 17:30:00,1.00,"DN",115.00
"LPCR1169",6/5/2005 17:30:00,17.00,"SH",107.00
"LPCR1169",6/5/2005 17:30:00,90.00,"SH",136.00
"LPCR1679",6/6/2005 10:30:00,1.00,"DN",114.00
"LPCR1679",6/6/2005 10:30:00,22.00,"SH",98.00
"LPCR1679",6/6/2005 10:30:00,67.00,"SH",139.00
"LPCR2085",6/6/2005 16:30:00,1.00,"UK1",102.00
"LPCR2085",6/6/2005 16:30:00,30.00,"UK1",95.00
"LPCR2387",6/7/2005 7:45:00,1.00,"DN",105.00
"LPCR2387",6/7/2005 7:45:00,20.00,"DN",135.00
"LPESC119",6/7/2005 16:55:00,1.00,"DN",134.00
"LPESC119",6/7/2005 16:55:00,13.00,"RR",116.00
"LPESC119",6/7/2005 16:55:00,44.00,"SH",135.00
"LPCRDT06",7/12/2005 9:30:00,0.00,"JG",112.00
"LPCR0024",7/12/2005 12:30:00,1.00,"JG",111.00
"LPCR0024",7/12/2005 12:30:00,22.00,"SH",98.00
"LPCR0024",7/12/2005 12:30:00,42.00,"SH",113.00
"LPCR0024",7/12/2005 12:30:00,65.00,"JG",126.00
"LPCR0024",7/12/2005 12:30:00,125.00,"SH",128.00
"LPCR-249",7/12/2005 20:30:00,0.30,"SH",123.00
"LPCR0024",8/10/2005 14:40:00,1.00,"JG",92.00
"LPCR0024",8/10/2005 14:40:00,27.00,"JG",117.00
"LPCR0024",8/10/2005 14:40:00,41.00,"JG",130.00
"LPCR0024",8/10/2005 14:40:00,100.00,"JG",139.00
"LPCR-249",8/10/2005 19:45:00,0.30,"SH",131.00
"LPCRDT06",8/11/2005 8:35:00,0.00,"SH",118.00
"LPCRDT06",9/8/2005 9:00:00,0.00,"RR",125.00
"LPCR0024",9/8/2005 13:30:00,1.00,"UK1",120.00
"LPCR0024",9/8/2005 13:30:00,40.00,"UK1",122.00
"LPCR0024",9/8/2005 13:30:00,60.00,"SH",130.00
"LPCR0024",9/8/2005 13:30:00,125.00,"JG",121.00
"LPCR0453",9/8/2005 16:50:00,1.00,"JG",107.00
"LPCR0453",9/8/2005 16:50:00,15.00,"SH1",107.00
"LPCR0453",9/8/2005 16:50:00,15.00,"SH2",103.00
"LPCR0453",9/8/2005 16:50:00,47.00,"SH",131.00
"LPCR0453",9/8/2005 16:50:00,117.00,"SH",138.00
"LPCR0905",9/9/2005 9:50:00,1.00,"SH",107.00
"LPCR0905",9/9/2005 9:50:00,17.00,"JG",105.00
"LPCR0905",9/9/2005 9:50:00,70.00,"SH",139.00
"LPCR0905",9/9/2005 9:50:00,100.00,"JG",137.00
"LPSJR431",9/10/2005 7:35:00,1.00,"SH1",86.00
"LPSJR431",9/10/2005 7:35:00,1.00,"SH2",87.00
"LPSJR431",9/10/2005 7:35:00,27.00,"JG",111.00
"LPSJR193",9/10/2005 10:45:00,1.00,"SH",81.00
"LPSJR193",9/10/2005 10:45:00,60.00,"JG",142.00
"LPCR2387",9/11/2005 9:40:00,1.00,"JG",129.00
"LPCR2387",9/11/2005 9:40:00,19.00,"JG",142.00
"LPCR2085",9/11/2005 12:30:00,30.00,"SH",104.00
"LPCR2085",9/11/2005 12:30:00,54.00,"UK1",141.00
"LPCR1679",9/12/2005 8:30:00,1.00,"RR",109.00
"LPCR1679",9/12/2005 8:30:00,20.00,"JG",106.00
"LPCR1679",9/12/2005 8:30:00,51.00,"JG",145.00
"LPCR1679",9/12/2005 8:30:00,73.00,"JG",151.00
"LPESC119",9/12/2005 15:40:00,1.00,"JG",105.00
"LPESC119",9/12/2005 15:40:00,22.00,"RR",134.00
"LPESC119",9/12/2005 15:40:00,48.00,"RR",152.00
"LPCR1169",9/13/2005 9:30:00,1.00,"SH",91.00
"LPCR1169",9/13/2005 9:30:00,18.00,"UK1",102.00
"LPCR1169",9/13/2005 9:30:00,56.00,"UK1",141.00
"LPCR1169",9/13/2005 9:30:00,95.00,"JG",143.00
"LPCR-249",9/14/2005 15:30:00,0.30,"SH",117.00
"LPCRDT04",10/11/2005 13:05:00,0.00,"JG",122.00
"LPCR0024",10/12/2005 8:40:00,1.00,"JG",118.00
"LPCR0024",10/12/2005 8:40:00,31.00,"SH",105.00
"LPCR0024",10/12/2005 8:40:00,40.00,"SH",112.00
"LPCR0024",10/12/2005 8:40:00,125.00,"JG",136.00
"LPCR-249",10/12/2005 14:30:00,0.30,"SH",106.00
"LPCR0024",11/2/2005 10:30:00,1.00,"JG",105.00
"LPCR0024",11/2/2005 10:30:00,35.00,"SH",103.00
"LPCRDT07",11/2/2005 13:45:00,0.00,"JG",124.00
"LPCR-249",11/2/2005 17:00:00,0.30,"SH",111.00
